Year,glacier_name,site_name,spring_date,fall_date,elevation,bw_snow_depth,bw_density,bw,ba_snow_depth,ba_density,ba,winter_ablation,summer_accumulation_snow_depth,summer_accumulation_density,summer_accumulation
,,,,,,,,,,,,,,,
,Kahiltna,,,,,,,,,,,,,,
1991,,K17b,5/7/91,8/29/91,1928,nan,nan,1.17,nan,nan,0.74,nan,nan,nan,0
1992,,K29,5/23/92,8/26/92,1492,nan,nan,0.83,nan,nan,-1.22,nan,nan,nan,0.1
1992,,K17b,5/23/92,8/26/92,1926,nan,nan,0.92,nan,nan,-0.46,0,nan,nan,0.01
1993,,K29,6/1/93,8/25/93,1492,nan,nan,0.7,nan,nan,-1.14,nan,nan,nan,0.04
1993,,K17b,6/2/93,8/25/93,1923,nan,nan,0.92,nan,nan,0.39,-0.07,nan,nan,0.09
1994,,K29,6/4/94,8/30/94,1492,nan,nan,0.99,nan,nan,-0.76,nan,nan,nan,0
1994,,K17b,6/4/94,8/30/94,1922,nan,nan,1.51,nan,nan,1.1,nan,nan,nan,nan
1995,,K29,6/6/95,8/25/95,1492,nan,nan,0.62,nan,nan,-1.32,nan,nan,nan,0
1995,,K17b,6/6/95,8/28/95,1922,nan,nan,0.48,nan,nan,-0.46,nan,nan,nan,0.13
1996,,K17b,5/29/96,8/27/96,1923,nan,nan,0.83,nan,nan,0.56,nan,nan,nan,0.13
1997,,K17b,6/3/97,9/2/97,1925,nan,nan,0.8,nan,nan,-0.11,-0.25,nan,nan,0
1998,,K17b,6/18/98,8/28/98,1921,nan,nan,1.01,nan,nan,0.6,-0.36,nan,nan,0.14
1999,,K17b,6/10/99,9/14/99,1916,nan,nan,0.83,nan,nan,0.1,nan,nan,nan,0.1
2000,,K17b,nan,9/30/00,1916,nan,nan,nan,nan,nan,0.85,nan,nan,nan,nan
2001,,K17b,6/6/01,9/12/01,1903,nan,nan,0.84,nan,nan,0.38,nan,nan,nan,0.53
2002,,K17b,5/17/02,9/10/02,1901,nan,nan,0.61,nan,nan,-0.34,nan,nan,nan,nan
2003,,K17b,4/30/03,8/22/03,1907,nan,nan,0.95,nan,nan,0.78,nan,nan,nan,0.01
2004,,K17b,5/21/04,9/7/04,1918,nan,nan,0.9,nan,nan,-0.64,-0.06,nan,nan,0
2005,,K17b,5/18/05,9/2/05,1917,nan,nan,1.21,nan,nan,0.03,0,nan,nan,0.07
2006,,K17b,8/21/06,5/22/06,1912,nan,nan,0.91,nan,nan,0.69,0,nan,nan,0.03
2007,,K17b,nan,8/20/07,1912,nan,nan,nan,nan,nan,-0.06,nan,nan,nan,0
2008,,K17b,nan,9/1/08,1918,nan,nan,nan,nan,nan,0.21,nan,nan,nan,0
2009,,K17b,5/24/09,9/3/09,1916,nan,nan,1.04,nan,nan,-0.45,-0.19,nan,nan,0.15
2010,,K17b,5/19/10,9/14/10,1910,nan,nan,0.63,nan,nan,-0.29,0,nan,nan,0.02
2011,,K17b,6/8/11,9/14/11,1913,nan,nan,0.47,nan,nan,0.03,-0.12,nan,nan,0.31
2012,,K17b,4/25/12,8/13/12,1914,nan,nan,0.72,nan,nan,0.05,nan,nan,nan,0.24
2013,,K17b,6/6/13,8/1/13,1911,nan,nan,1.15,nan,nan,0.62,nan,nan,nan,nan
2013,,K17B,6/6/13,8/1/13,1942,nan,nan,0.85,nan,nan,0.81,nan,nan,nan,0
2013,,K17C,6/6/13,8/1/13,1950,nan,nan,0.97,nan,nan,0.83,nan,nan,nan,0
2013,,K17A,6/6/13,8/1/13,1969,nan,nan,1.42,nan,nan,0.78,nan,nan,nan,0
2014,,K17b,6/7/14,8/21/14,1908,nan,nan,1.09,nan,nan,-0.35,nan,nan,nan,nan
2014,,K17B,6/7/13,8/21/14,1941,nan,nan,1.29,nan,nan,0.92,-0.28,nan,nan,nan
2014,,K17C,6/7/14,8/21/14,1950,nan,nan,1.2,nan,nan,0.84,-0.2,nan,nan,nan
2014,,K17A,6/7/14,8/21/14,1968,nan,nan,1.27,nan,nan,0.81,-0.26,nan,nan,nan
2015,,K53,6/16/15,9/23/15,1126,nan,nan,0.25,nan,nan,-2.62,-0.43,nan,nan,0.06
2015,,K29,6/16/15,9/23/15,1492,nan,nan,0.46,nan,nan,-2.22,-0.25,nan,nan,0
2015,,K17B,6/6/15,9/23/15,1939,nan,nan,0.94,nan,nan,-0.18,-0.11,nan,nan,0.07
2015,,K17C,6/16/15,9/23/15,1948,nan,nan,0.86,nan,nan,0.08,nan,nan,nan,0.1
2015,,K17A,nan,9/23/15,1965,nan,nan,nan,nan,nan,0.21,nan,nan,nan,0.1
2016,,K53,5/12/16,8/16/16,1117,nan,nan,0.86,nan,nan,-2.12,-0.08,nan,nan,0
2016,,K17b,5/13/16,8/16/16,1935,nan,nan,1.2,nan,nan,0.36,0,nan,nan,0
2016,,KPS,5/13/16,8/16/16,3058,nan,nan,3.49,nan,nan,4.44,0,nan,nan,0
2017,,K53,5/12/17,8/7/17,1111,nan,nan,0.49,nan,nan,-2.4,-0.76,nan,nan,0
2017,,K17b,5/11/17,8/7/17,1935,nan,nan,0.7,nan,nan,-0.26,0,nan,nan,0
2017,,KPS,5/11/17,8/7/17,3055,nan,nan,2.1,nan,nan,2.42,0,nan,nan,0
2018,,K53,6/2/18,8/28/18,1104,nan,nan,0.91,nan,nan,-1.81,-0.99,nan,nan,0
2018,,K17b,6/2/18,8/28/18,1933,nan,nan,1.13,nan,nan,0.66,0,nan,nan,0
2018,,KIA,6/7/18,8/28/18,2166,nan,nan,nan,nan,nan,nan,0,nan,nan,nan
2018,,KPS,5/28/18,8/28/18,3057,nan,nan,3.36,nan,nan,5.1,0,nan,nan,0
2018,,K14k,6/1/18,8/28/18,4346,nan,nan,nan,nan,nan,nan,0,nan,nan,nan
2019,,K53,5/18/19,8/7/19,1097,nan,nan,0.95,nan,nan,-1.74,-0.68,nan,nan,0
2019,,K17b,5/19/19,8/7/19,1931,nan,nan,1.17,nan,nan,0.06,0,nan,nan,0
2019,,KIA,5/17/19,9/26/19,2163,nan,nan,1.51,nan,nan,0.38,0,nan,nan,0.12
2019,,KPS,5/22/19,8/8/19,3055,nan,nan,3.01,nan,nan,4.56,0,nan,nan,0
2019,,K14k,5/22/19,8/8/19,4347,nan,nan,0.61,nan,nan,0.93,0,nan,nan,nan
2020,,K53,7/14/20,8/28/20,1110,nan,nan,0,nan,nan,-0.93,-1.2,nan,nan,0
2020,,K17b,7/14/20,8/28/20,1932,nan,nan,0.88,nan,nan,0.42,0,nan,nan,0
2020,,KIA,7/14/20,8/28/20,2149,nan,nan,1.15,nan,nan,0.88,0,nan,nan,0
2020,,KPS,nan,8/28/20,3055,nan,nan,nan,nan,nan,3.67,0,nan,nan,0.29
2021,,K53,5/24/21,8/28/21,1104,nan,nan,0.69,nan,nan,-2.42,-0.5,nan,nan,0
2021,,K17b,5/24/21,8/28/21,1931,nan,nan,0.89,nan,nan,0.35,0,nan,nan,0.02
2021,,KIA,4/27/21,8/28/21,2137,nan,nan,1.11,nan,nan,0.58,0,nan,nan,0.11
2021,,KPS,5/14/21,8/28/21,3055,nan,nan,2.91,nan,nan,nan,0,nan,nan,nan
2021,,K14k,5/24/21,8/28/21,4347,nan,nan,nan,nan,nan,1.06,-0.08,nan,nan,nan
2022,,K53,5/31/22,9/18/22,1097,nan,nan,0.57,nan,nan,-3.61,-0.35,nan,nan,0.04
2022,,K17b,5/31/22,10/14/22,1935,nan,nan,0.89,nan,nan,0.19,-0.21,nan,nan,0.23
2022,,KIA,6/1/22,9/18/22,2167,nan,nan,1,nan,nan,0.34,0,nan,nan,0.31
2022,,KPS,5/31/22,10/14/22,3055,nan,nan,3.56,nan,nan,2.26,0,nan,nan,0.7
2022,,K14k,5/31/22,9/18/22,4347,nan,nan,0.59,nan,nan,0.92,0,nan,nan,nan
2023,,K53,5/19/23,9/25/23,1102,nan,nan,0.63,nan,nan,-2.3,0,nan,nan,0.04
2023,,K17b,5/19/23,9/25/23,1932,nan,nan,1,nan,nan,0.29,0,nan,nan,0.21
2023,,KIA,5/15/23,9/25/23,2161,nan,nan,1.02,nan,nan,0.58,0,nan,nan,0.23
2023,,KPL,nan,9/30/23,3033,nan,nan,nan,nan,nan,2.68,nan,nan,nan,nan
2023,,KPS,5/19/23,9/25/23,3055,nan,nan,3.5,nan,nan,3.43,0,nan,nan,0.92
2024,,K53,5/25/24,8/30/24,1102,1.89,516,0.97,0,nan,-1.26,0,0,nan,0
2024,,K17b,5/25/24,9/30/24,1930,2.77,448,1.24,1.03,503,0.52,0,0.65,318,0.21
2024,,KIA,5/25/24,9/30/24,2157,2.74,413,1.13,1.74,nan,0.87,0,0.78,nan,0.25
2024,,KQU,5/25/24,9/30/24,2638,2.61,404,1.05,1.99,nan,0.99,nan,1.19,nan,0.38
2024,,KPL,nan,9/30/24,3033,nan,nan,2.43,5.12,473,2.42,0,1.79,366,0.66
2024,,KPS,5/26/24,nan,3055,7.2,471,3.39,nan,nan,nan,0,nan,nan,nan
2025,,K53,5/23/25,9/28/25,1120,1.99,474,0.94,0,nan,-1.67,-0.42,0,nan,0
2025,,K17b,5/23/25,nan,1948,2.82,454,1.28,nan,nan,nan,0,nan,nan,nan
2025,,KIA,6/11/25,nan,2174,2.73,nan,1.2,nan,nan,nan,0,nan,nan,nan
2025,,KPK,5/23/25,nan,2323,3.55,416,1.48,nan,nan,nan,0,nan,nan,nan
2025,,KQU,5/23/25,nan,2657,3.46,410,1.42,nan,nan,nan,0,nan,nan,nan
2025,,KPL,5/23/25,nan,3050,5.89,436,2.57,nan,nan,nan,0,nan,nan,nan
,,,,,,,,,,,,,,,
,Gulkana,,,,,,,,,,,,,,
1966,,A,5/18/66,9/23/66,1419,nan,nan,0.4,nan,nan,-2.71,nan,nan,nan,0.08
1966,,B,5/18/66,8/26/66,1716,nan,nan,1,nan,nan,0.1,nan,nan,nan,0
1966,,C,5/17/66,9/18/66,1968,nan,nan,1.05,nan,nan,0.77,nan,nan,nan,0.25
1967,,A,4/27/67,9/30/67,1420,nan,nan,0.6,nan,nan,-2.25,0,nan,nan,0.1
1967,,B,4/27/67,9/8/67,1716,nan,nan,1.05,nan,nan,0.1,nan,nan,nan,0.1
1967,,C,4/26/67,9/9/67,1967,nan,nan,1.3,nan,nan,1.8,0,nan,nan,0.55
1968,,A,4/30/68,9/24/68,1420,nan,nan,0.78,nan,nan,-2.73,0,nan,nan,nan
1968,,B,6/16/68,9/5/68,1715,nan,nan,1.14,nan,nan,-1.15,0,nan,nan,0.02
1968,,C,6/15/68,9/7/68,1966,nan,nan,2.4,nan,nan,1.19,0,nan,nan,0.06
1969,,A,5/17/69,8/20/69,1420,nan,nan,0.38,nan,nan,-2.82,0,nan,nan,0
1969,,B,5/26/69,8/20/69,1714,nan,nan,0.55,nan,nan,-1.55,0,nan,nan,0.06
1969,,C,5/23/69,8/11/69,1965,nan,nan,0.86,nan,nan,0.15,0,nan,nan,0.21
1970,,A,3/15/70,8/28/70,1420,nan,nan,0.42,nan,nan,-1.91,-0.28,nan,nan,0
1970,,B,6/12/70,8/25/70,1713,nan,nan,0.92,nan,nan,0.21,0,nan,nan,0.17
1970,,C,6/13/70,7/17/70,1964,nan,nan,1.33,nan,nan,1.39,0,nan,nan,0.05
1971,,A,6/14/71,8/22/71,1420,nan,nan,0.66,nan,nan,-1.65,nan,nan,nan,0
1971,,B,6/14/71,8/28/71,1713,nan,nan,0.99,nan,nan,-0.61,0,nan,nan,0
1971,,C,7/17/71,8/17/71,1963,nan,nan,1.55,nan,nan,1.19,0,nan,nan,0.03
1972,,A,5/9/72,9/2/72,1420,nan,nan,0.67,nan,nan,-2.5,-0.19,nan,nan,0
1972,,B,6/13/72,8/13/72,1712,nan,nan,1.26,nan,nan,-0.49,-0.06,nan,nan,0
1972,,C,5/7/72,8/12/72,1962,nan,nan,1.24,nan,nan,0.66,-0.09,nan,nan,0
1973,,A,5/21/73,8/1/73,1420,nan,nan,0.79,nan,nan,-1.11,-0.17,nan,nan,0
1973,,B,5/22/73,8/1/73,1711,nan,nan,1.21,nan,nan,0.36,-0.49,nan,nan,0
1973,,C,5/22/73,8/1/73,1961,nan,nan,1.74,nan,nan,1.4,0,nan,nan,0.04
1974,,A,3/24/74,7/24/74,1421,nan,nan,0.28,nan,nan,-1.77,-0.85,nan,nan,0
1974,,B,6/15/74,10/11/74,1711,nan,nan,0.7,nan,nan,-1.52,-0.25,nan,nan,0.14
1974,,C,6/17/74,9/4/74,1960,nan,nan,1.01,nan,nan,-0.06,0,nan,nan,nan
1975,,A,6/24/75,8/24/75,1419,nan,nan,0.25,nan,nan,-2.52,nan,nan,nan,0
1975,,B,6/24/75,8/24/75,1710,nan,nan,1.02,nan,nan,-0.5,0,nan,nan,0
1975,,D,6/25/75,8/25/75,1855,nan,nan,1.4,nan,nan,0.66,nan,nan,nan,0
1975,,C,6/25/75,8/25/75,1961,nan,nan,1.44,nan,nan,0.54,nan,nan,nan,0
1976,,A,3/28/76,7/27/76,1417,nan,nan,0.56,nan,nan,-2,-0.22,nan,nan,0
1976,,B,3/28/76,7/27/76,1709,nan,nan,0.91,nan,nan,0,nan,nan,nan,0
1976,,D,3/28/76,7/28/76,1856,nan,nan,1.12,nan,nan,0.61,-0.39,nan,nan,0
1977,,A,3/21/77,9/30/77,1415,nan,nan,0.81,nan,nan,-3.14,-1.9,nan,nan,0.12
1977,,B,3/21/77,9/30/77,1709,nan,nan,1.3,nan,nan,-0.56,-1.5,nan,nan,0.31
1977,,D,6/23/77,9/24/77,1857,nan,nan,2.07,nan,nan,1.1,0,nan,nan,0.36
1978,,A,3/26/78,7/25/78,1413,nan,nan,0.44,nan,nan,-0.89,0,nan,nan,0
1978,,B,3/25/78,7/25/78,1708,nan,nan,0.84,nan,nan,0.63,0,nan,nan,0
1978,,D,3/25/78,nan,1858,nan,nan,1.19,nan,nan,0.72,0,nan,nan,0
1979,,A,4/23/79,8/24/79,1412,nan,nan,0.77,nan,nan,-2.95,-2.27,nan,nan,0
1979,,B,4/22/79,8/24/79,1708,nan,nan,1.3,nan,nan,-0.85,-1.33,nan,nan,0
1979,,D,4/23/79,8/24/79,1859,nan,nan,1.53,nan,nan,0.41,0,nan,nan,0
1980,,A,4/5/80,9/5/80,1411,nan,nan,0.5,nan,nan,-2.8,-0.55,nan,nan,0
1980,,B,6/24/80,9/5/80,1708,nan,nan,0.94,nan,nan,-0.51,-0.41,nan,nan,0.08
1980,,D,6/25/80,9/5/80,1858,nan,nan,1.5,nan,nan,1.64,0,nan,nan,0.17
1981,,A,3/28/81,9/14/81,1410,nan,nan,0.59,nan,nan,-2.53,-0.3,nan,nan,0.01
1981,,B,3/28/81,9/14/81,1708,nan,nan,0.93,nan,nan,0.16,0,nan,nan,0.18
1981,,D,3/29/81,9/14/81,1858,nan,nan,1.08,nan,nan,1.27,0,nan,nan,0.65
1982,,A,3/27/82,9/1/82,1410,nan,nan,0.48,nan,nan,-2.91,-0.01,nan,nan,0
1982,,B,6/19/82,9/11/82,1708,nan,nan,1.19,nan,nan,-0.52,0,nan,nan,0.16
1982,,D,6/20/82,9/11/82,1857,nan,nan,2.07,nan,nan,0.99,0,nan,nan,0.19
1983,,A,4/25/83,9/9/83,1409,nan,nan,0.4,nan,nan,-3.3,-0.31,nan,nan,nan
1983,,B,4/25/83,9/9/83,1708,nan,nan,0.82,nan,nan,-0.95,0,nan,nan,0.18
1983,,D,4/25/83,9/9/83,1857,nan,nan,1.45,nan,nan,1.44,0,nan,nan,0.25
1984,,A,3/22/84,8/29/84,1409,nan,nan,0.37,nan,nan,-2.53,0,nan,nan,0
1984,,B,6/8/84,8/29/84,1708,nan,nan,1.11,nan,nan,-0.88,0,nan,nan,0.03
1984,,D,6/8/84,8/29/84,1857,nan,nan,1.66,nan,nan,0.72,0,nan,nan,0.23
1985,,A,3/23/85,9/4/85,1408,nan,nan,0.56,nan,nan,-1.56,-0.52,nan,nan,0
1985,,B,3/23/85,9/4/85,1708,nan,nan,1.12,nan,nan,0.2,0,nan,nan,0.05
1985,,D,3/23/85,9/5/85,1856,nan,nan,1.47,nan,nan,1.11,0,nan,nan,0.17
1986,,A,3/30/86,10/7/86,1408,nan,nan,0.69,nan,nan,-3.07,-0.46,nan,nan,0.07
1986,,B,3/30/86,10/7/86,1708,nan,nan,1.16,nan,nan,0.11,0,nan,nan,0.25
1986,,D,3/30/86,10/7/86,1856,nan,nan,1.26,nan,nan,1.47,0,nan,nan,0.4
1987,,A,3/24/87,8/28/87,1407,nan,nan,0.57,nan,nan,-2.51,0,nan,nan,0
1987,,B,3/23/87,8/28/87,1708,nan,nan,1.17,nan,nan,-0.38,0,nan,nan,0
1987,,D,3/24/87,nan,1856,nan,nan,1.51,nan,nan,0.88,0,nan,nan,0
1988,,A,4/15/88,9/25/88,1406,nan,nan,0.73,nan,nan,-3.24,-0.58,nan,nan,0.11
1988,,B,4/15/88,9/25/88,1708,nan,nan,0.95,nan,nan,-0.63,nan,nan,nan,0.24
1988,,D,4/15/88,9/25/88,1855,nan,nan,1.47,nan,nan,1.25,0,nan,nan,0.36
1989,,A,1/6/89,12/10/89,1406,nan,nan,nan,nan,nan,nan,0,nan,nan,0
1989,,B,1/6/89,12/10/89,1708,nan,nan,0.9,nan,nan,-0.62,0,nan,nan,0.81
1989,,D,1/6/89,12/10/89,1855,nan,nan,1.12,nan,nan,1.16,0,nan,nan,0.69
1990,,A,5/18/90,9/18/90,1405,nan,nan,0.68,nan,nan,-3.8,nan,nan,nan,0
1990,,B,5/6/90,9/18/90,1708,nan,nan,1.5,nan,nan,-0.6,0,nan,nan,0.23
1990,,D,5/6/90,9/18/90,1855,nan,nan,1.61,nan,nan,0.68,0,nan,nan,0.4
1991,,A,4/18/91,9/6/91,1405,nan,nan,0.62,nan,nan,-3.21,-0.01,nan,nan,0
1991,,B,4/17/91,10/7/91,1708,nan,nan,1.39,nan,nan,0.07,0,nan,nan,0.29
1991,,D,4/17/91,10/7/91,1854,nan,nan,1.52,nan,nan,1.16,0,nan,nan,0.35
1992,,A,3/26/92,9/22/92,1404,nan,nan,0.52,nan,nan,-2.61,-0.17,nan,nan,0.08
1992,,B,3/26/92,9/22/92,1708,nan,nan,0.88,nan,nan,-0.33,0,nan,nan,0.19
1992,,D,5/19/92,9/22/92,1854,nan,nan,1.25,nan,nan,0.67,0,nan,nan,0.21
1993,,A,3/31/93,8/3/93,1404,nan,nan,0.54,nan,nan,-3.94,0,nan,nan,0
1993,,B,3/30/93,9/24/93,1708,nan,nan,0.85,nan,nan,-2.38,0,nan,nan,0.16
1993,,D,3/31/93,9/24/93,1854,nan,nan,0.91,nan,nan,-0.43,0,nan,nan,0.29
1994,,A,4/28/94,10/31/94,1400,nan,nan,0.56,nan,nan,-3.7,-0.47,nan,nan,0.26
1994,,B,4/29/94,10/31/94,1706,nan,nan,1.3,nan,nan,-0.38,0,nan,nan,0.49
1994,,D,4/29/94,10/31/94,1853,nan,nan,1.63,nan,nan,0.99,0,nan,nan,0.48
1995,,A,4/19/95,9/26/95,1397,nan,nan,0.52,nan,nan,-4.06,0,nan,nan,0
1995,,B,4/19/95,9/26/95,1705,nan,nan,0.73,nan,nan,-1.18,0,nan,nan,0.06
1995,,D,4/19/95,9/26/95,1853,nan,nan,1.14,nan,nan,0.3,0,nan,nan,0.22
1996,,A,4/19/96,9/16/96,1394,nan,nan,0.28,nan,nan,-3.62,nan,nan,nan,0
1996,,B,4/18/96,9/16/96,1704,nan,nan,0.43,nan,nan,-0.89,0,nan,nan,0.05
1996,,D,4/18/96,9/16/96,1853,nan,nan,1.16,nan,nan,0.68,0,nan,nan,0.26
1997,,A,4/18/97,9/15/97,1391,nan,nan,0.46,nan,nan,-4.71,nan,nan,nan,0
1997,,B,4/19/97,9/15/97,1703,nan,nan,0.7,nan,nan,-2.12,nan,nan,nan,nan
1997,,D,4/19/97,9/15/97,1853,nan,nan,1.23,nan,nan,-0.53,0,nan,nan,0
1998,,A,4/17/98,9/23/98,1388,nan,nan,0.37,nan,nan,-3.44,-0.16,nan,nan,0.05
1998,,B,4/17/98,10/2/98,1701,nan,nan,0.58,nan,nan,-0.48,0,nan,nan,0.47
1998,,D,4/15/98,10/2/98,1853,nan,nan,0.98,nan,nan,0.81,nan,nan,nan,0.55
1999,,AE,4/22/99,nan,1379,nan,nan,0.37,nan,nan,-3.88,0,nan,nan,nan
1999,,A,4/22/99,9/14/99,1385,nan,nan,0.32,nan,nan,-4.35,0,nan,nan,0
1999,,B,4/20/99,9/14/99,1700,nan,nan,0.91,nan,nan,-1.25,0,nan,nan,0.1
1999,,D,4/20/99,9/14/99,1853,nan,nan,1.27,nan,nan,-0.04,0,nan,nan,0.23
2000,,AE,4/21/00,10/1/00,1376,nan,nan,0.76,nan,nan,-1.94,nan,nan,nan,0.05
2000,,A,4/21/00,10/1/00,1382,nan,nan,0.82,nan,nan,-2.47,nan,nan,nan,0.05
2000,,B,4/20/00,10/1/00,1699,nan,nan,1.17,nan,nan,0.14,0,nan,nan,0.32
2000,,D,4/20/00,10/1/00,1853,nan,nan,1.69,nan,nan,1.33,0,nan,nan,0.55
2001,,LA,4/21/01,9/10/01,1298,nan,nan,0.61,nan,nan,-4.4,nan,nan,nan,0
2001,,AE,4/20/01,9/10/01,1374,nan,nan,0.67,nan,nan,-3.42,0,nan,nan,0
2001,,A,4/20/01,9/10/01,1379,nan,nan,0.68,nan,nan,-3.84,0,nan,nan,0
2001,,B,4/20/01,9/10/01,1698,nan,nan,1.33,nan,nan,-0.93,0,nan,nan,0.06
2001,,D,4/19/01,9/10/01,1853,nan,nan,1.68,nan,nan,0.33,0,nan,nan,0.11
2002,,LA,4/17/02,nan,1293,nan,nan,0.09,nan,nan,-4.99,-0.44,nan,nan,0
2002,,AE,5/3/02,10/10/02,1372,nan,nan,0.2,nan,nan,-3.74,-0.06,nan,nan,0.17
2002,,A,5/3/02,10/10/02,1376,nan,nan,0.28,nan,nan,-4.19,-0.06,nan,nan,0.18
2002,,B,5/3/02,10/10/02,1696,nan,nan,0.69,nan,nan,-0.78,0,nan,nan,0.52
2002,,D,5/3/02,10/10/02,1853,nan,nan,0.92,nan,nan,0.83,0,nan,nan,0.97
2003,,LA,5/2/03,10/17/03,1289,nan,nan,0.73,nan,nan,-4.93,0,nan,nan,0.02
2003,,AE,5/1/03,10/17/03,1370,nan,nan,0.91,nan,nan,-3.38,0,nan,nan,0.02
2003,,A,5/1/03,10/17/03,1373,nan,nan,0.84,nan,nan,-3.86,0,nan,nan,0.02
2003,,B,4/30/03,10/17/03,1695,nan,nan,1.47,nan,nan,-0.34,0,nan,nan,0.09
2003,,D,4/30/03,1/22/04,1853,nan,nan,2.2,nan,nan,2.03,0,nan,nan,0.83
2004,,LA,4/16/04,8/14/04,1284,nan,nan,0.37,nan,nan,-5.63,0,nan,nan,0
2004,,AE,4/16/04,9/30/04,1367,nan,nan,0.4,nan,nan,nan,0,nan,nan,0
2004,,A,4/16/04,nan,1370,nan,nan,0.36,nan,nan,-6.55,0,nan,nan,0
2004,,B,4/15/04,nan,1694,nan,nan,0.7,nan,nan,-3.88,0,nan,nan,0
2004,,D,4/15/04,nan,1853,nan,nan,1.17,nan,nan,-0.54,0,nan,nan,0
2005,,LA,4/14/05,9/8/05,1280,nan,nan,1.22,nan,nan,-4.9,-1.28,nan,nan,0
2005,,A,4/14/05,9/8/05,1367,nan,nan,1.18,nan,nan,-4.31,-0.26,nan,nan,0
2005,,B,4/13/05,9/2/05,1693,nan,nan,1.44,nan,nan,-1.47,0,nan,nan,0
2005,,D,4/13/05,9/8/05,1853,nan,nan,1.98,nan,nan,0.66,0,nan,nan,0.29
2006,,LA,4/20/06,9/13/06,1274,nan,nan,0.65,nan,nan,-4.05,-0.22,nan,nan,0
2006,,A,4/19/06,9/8/06,1364,nan,nan,0.72,nan,nan,-3.71,-0.26,nan,nan,0
2006,,B,4/19/06,9/10/06,1691,nan,nan,1.06,nan,nan,-0.25,nan,nan,nan,0.17
2006,,D,4/19/06,9/10/06,1853,nan,nan,1.64,nan,nan,0.95,0,nan,nan,0.42
2007,,LA,4/1/07,9/6/07,1268,nan,nan,nan,nan,nan,-5.72,nan,nan,nan,0
2007,,A,4/18/07,9/4/07,1361,nan,nan,0.46,nan,nan,-5.25,-0.07,nan,nan,0
2007,,B,4/18/07,9/4/07,1690,nan,nan,0.99,nan,nan,-1.74,0,nan,nan,0
2007,,D,4/19/07,9/4/07,1853,nan,nan,1.74,nan,nan,0.23,0,nan,nan,0.01
2008,,LA,4/1/08,8/29/08,1265,nan,nan,nan,nan,nan,-3.13,nan,nan,nan,0
2008,,A,4/18/08,8/29/08,1357,nan,nan,0.48,nan,nan,-3.37,-0.35,nan,nan,0
2008,,B,4/18/08,10/25/08,1689,nan,nan,0.65,nan,nan,0.33,-0.16,nan,nan,0.58
2008,,D,4/17/08,10/25/08,1852,nan,nan,1.09,nan,nan,1.55,0,nan,nan,0.86
2009,,LA,4/16/09,9/8/09,1262,nan,nan,0.86,nan,nan,-4.73,-0.02,nan,nan,0
2009,,A,4/16/09,9/8/09,1354,nan,nan,0.67,nan,nan,-4.4,-0.18,nan,nan,0
2009,,B,4/16/09,9/9/09,1688,nan,nan,1.14,nan,nan,-1.06,nan,nan,nan,0
2009,,D,4/16/09,9/9/09,1851,nan,nan,1.4,nan,nan,0.32,0,nan,nan,0.11
2009,,W,4/1/09,9/9/09,1943,nan,nan,nan,nan,nan,0.74,nan,nan,nan,0.2
2010,,LA,4/15/10,10/21/10,1259,nan,nan,0.31,nan,nan,nan,-0.18,nan,nan,nan
2010,,A,4/15/10,10/21/10,1351,nan,nan,0.3,nan,nan,-6.59,-0.4,nan,nan,0.01
2010,,AB,4/13/10,10/21/10,1552,nan,nan,nan,nan,nan,nan,nan,nan,nan,0.02
2010,,B,4/13/10,10/21/10,1688,nan,nan,0.57,nan,nan,-2.1,-0.14,nan,nan,0.1
2010,,D,4/13/10,10/22/10,1850,nan,nan,0.82,nan,nan,-0.18,0,nan,nan,0.14
2010,,W,4/1/10,10/21/10,1944,nan,nan,nan,nan,nan,0.1,0,nan,nan,0
2010,,X,4/1/10,10/22/10,2032,nan,nan,nan,nan,nan,0.22,nan,nan,nan,0.12
2011,,A,4/16/11,8/23/11,1348,nan,nan,0.19,nan,nan,-4.33,0,nan,nan,0
2011,,AB,4/16/11,8/23/11,1550,nan,nan,0.15,nan,nan,-3.56,0,nan,nan,0
2011,,B,4/16/11,8/23/11,1687,nan,nan,0.58,nan,nan,-1.73,0,nan,nan,0
2011,,D,4/17/11,8/25/11,1849,nan,nan,0.57,nan,nan,-0.52,0,nan,nan,0.14
2011,,V,4/18/11,8/25/11,1883,nan,nan,0.58,nan,nan,-1.06,0,nan,nan,0.04
2011,,W,4/17/11,8/26/11,1944,nan,nan,0.73,nan,nan,nan,nan,nan,nan,nan
2011,,X,4/17/11,8/26/11,2032,nan,nan,0.65,nan,nan,0.08,0,nan,nan,0.37
2012,,A,4/17/12,9/5/12,1345,nan,nan,-0.01,nan,nan,-4.3,-0.5,nan,nan,0
2012,,AU,5/4/12,9/5/12,1457,nan,nan,0.27,nan,nan,-2.9,-0.23,nan,nan,0
2012,,AB,5/4/12,9/5/12,1549,nan,nan,0.38,nan,nan,-2.7,-0.14,nan,nan,0
2012,,B,4/16/12,9/5/12,1686,nan,nan,0.65,nan,nan,-1.35,-0.32,nan,nan,0.03
2012,,D,4/18/12,9/5/12,1849,nan,nan,1.02,nan,nan,0.47,0,nan,nan,0.23
2012,,V,4/18/12,9/7/12,1883,nan,nan,0.77,nan,nan,0.17,0,nan,nan,0.17
2012,,X,4/17/12,9/8/12,2032,nan,nan,1.29,nan,nan,1.47,0,nan,nan,0.32
2013,,A,4/18/13,8/26/13,1342,nan,nan,0.47,nan,nan,-4.7,-0.07,nan,nan,0
2013,,AU,4/18/13,8/26/13,1455,nan,nan,0.52,nan,nan,-3.73,-0.14,nan,nan,0
2013,,AB,4/18/13,8/26/13,1547,nan,nan,0.52,nan,nan,-3.42,-0.11,nan,nan,0
2013,,B,4/18/13,8/27/13,1686,nan,nan,1.06,nan,nan,-1.81,0,nan,nan,0.05
2013,,D,4/16/13,8/27/13,1848,nan,nan,1.56,nan,nan,-0.04,0,nan,nan,0.16
2013,,T,4/16/13,8/26/13,1870,nan,nan,1.85,nan,nan,0.47,nan,nan,nan,0.18
2013,,V,4/1/13,8/26/13,1882,nan,nan,nan,nan,nan,-0.85,0,nan,nan,0.11
2013,,X,4/20/13,8/26/13,2032,nan,nan,1.85,nan,nan,0.5,0,nan,nan,0.25
2014,,A,4/17/14,8/25/14,1339,nan,nan,0.58,nan,nan,-2.78,-0.51,nan,nan,0
2014,,AU,4/17/14,8/25/14,1453,nan,nan,0.68,nan,nan,-2.13,-0.59,nan,nan,0
2014,,AB,4/17/14,8/25/14,1546,nan,nan,0.83,nan,nan,-1.42,nan,nan,nan,0
2014,,B,4/17/14,8/24/14,1685,nan,nan,1.13,nan,nan,-0.31,0,nan,nan,0
2014,,D,4/15/14,8/24/14,1847,nan,nan,1.52,nan,nan,0.95,0,nan,nan,0
2014,,T,4/19/14,8/26/14,1870,nan,nan,nan,nan,nan,0.83,0,nan,nan,0
2014,,V,4/18/14,8/24/14,1882,nan,nan,1.53,nan,nan,0.67,0,nan,nan,0
2014,,X,4/19/14,8/24/14,2032,nan,nan,1.85,nan,nan,1.63,0,nan,nan,0.06
2015,,A,4/16/15,9/23/15,1336,nan,nan,0.52,nan,nan,nan,-0.38,nan,nan,nan
2015,,AU,4/16/15,9/23/15,1451,nan,nan,0.56,nan,nan,-3.62,-0.23,nan,nan,0.14
2015,,AB,4/16/15,9/23/15,1544,nan,nan,0.58,nan,nan,-1.81,-0.3,nan,nan,0.21
2015,,B,4/14/15,9/23/15,1684,nan,nan,0.78,nan,nan,-2.03,-0.01,nan,nan,0.23
2015,,D,4/14/15,9/24/15,1846,nan,nan,0.82,nan,nan,-0.62,-0.07,nan,nan,0.35
2015,,T,4/15/15,9/24/15,1870,nan,nan,1.12,nan,nan,nan,nan,nan,nan,0.38
2015,,V,4/14/15,nan,1881,nan,nan,0.96,nan,nan,-1.07,-0.04,nan,nan,nan
2015,,X,4/15/15,9/24/15,2032,nan,nan,1.23,nan,nan,0.29,0,nan,nan,0.41
2016,,AU,4/13/16,8/28/16,1450,nan,nan,0.74,nan,nan,-3.27,0,nan,nan,0
2016,,AB,4/13/16,8/28/16,1543,nan,nan,0.83,nan,nan,-2.74,0,nan,nan,0
2016,,B,4/12/16,8/27/16,1684,nan,nan,1.08,nan,nan,-1.25,0,nan,nan,0
2016,,D,4/12/16,8/27/16,1846,nan,nan,1.15,nan,nan,-0.58,0,nan,nan,0
2016,,T,4/14/16,8/28/16,1870,nan,nan,1.62,nan,nan,0.27,nan,nan,nan,0
2016,,V,4/15/16,8/27/16,1881,nan,nan,1.41,nan,nan,-0.77,0,nan,nan,0
2016,,X,4/14/16,8/28/16,2032,nan,nan,1.63,nan,nan,0.6,0,nan,nan,0
2017,,AU,4/21/17,8/22/17,1447,nan,nan,0.33,nan,nan,-3.43,-0.74,nan,nan,0
2017,,AB,4/19/17,8/22/17,1541,nan,nan,0.18,nan,nan,-3.78,-0.39,nan,nan,0
2017,,B,4/19/17,8/23/17,1683,nan,nan,0.5,nan,nan,-1.89,-0.21,nan,nan,0
2017,,D,4/19/17,8/23/17,1845,nan,nan,0.65,nan,nan,-0.69,-0.11,nan,nan,0.06
2017,,T,4/20/17,8/22/17,1870,nan,nan,0.8,nan,nan,-0.51,-0.01,nan,nan,0.11
2017,,V,4/19/17,nan,1880,nan,nan,0.65,nan,nan,-1.36,-0.31,nan,nan,nan
2017,,X,4/20/17,8/22/17,2032,nan,nan,0.73,nan,nan,-0.44,-0.09,nan,nan,0.21
2018,,AU,4/23/18,9/1/18,1445,nan,nan,0.68,nan,nan,-2.71,-0.47,nan,nan,0
2018,,AB,4/23/18,9/1/18,1539,nan,nan,0.71,nan,nan,-2.13,-0.37,nan,nan,0
2018,,B,4/22/18,9/1/18,1682,nan,nan,0.95,nan,nan,-0.72,-0.11,nan,nan,0.03
2018,,D,4/22/18,9/1/18,1844,nan,nan,1.27,nan,nan,0.33,0,nan,nan,0.06
2018,,T,nan,9/2/18,1870,nan,nan,nan,nan,nan,0.96,0,nan,nan,0.06
2018,,V,4/23/18,9/1/18,1879,nan,nan,1.3,nan,nan,0.14,nan,nan,nan,0.04
2018,,X,nan,9/2/18,2032,nan,nan,nan,nan,nan,1.28,nan,nan,nan,0.13
2019,,AU,4/26/19,8/28/19,1442,nan,nan,0.63,nan,nan,-4.29,-0.47,nan,nan,0
2019,,AB,4/25/19,8/28/19,1537,nan,nan,0.76,nan,nan,-3.48,-0.5,nan,nan,0
2019,,B,4/25/19,8/28/19,1681,nan,nan,0.96,nan,nan,-2.46,-0.14,nan,nan,0
2019,,D,4/25/19,8/28/19,1843,nan,nan,1.21,nan,nan,-0.72,0,nan,nan,0.02
2019,,T,4/26/19,nan,1870,nan,nan,1.45,nan,nan,-0.13,0,nan,nan,nan
2019,,V,4/25/19,8/28/19,1878,nan,nan,1.19,nan,nan,-1.72,0,nan,nan,0
2019,,X,4/26/19,nan,2033,nan,nan,1.37,nan,nan,0.79,0,nan,nan,nan
2020,,AU,5/1/20,8/22/20,1440,nan,nan,0.95,nan,nan,-2.64,-0.47,nan,nan,0
2020,,AB,4/30/20,8/20/20,1535,nan,nan,0.88,nan,nan,-2.48,-0.42,nan,nan,0
2020,,B,4/30/20,8/20/20,1680,nan,nan,1.53,nan,nan,-0.63,0,nan,nan,0
2020,,D,4/30/20,8/20/20,1842,nan,nan,1.85,nan,nan,0.78,0,nan,nan,0
2020,,T,5/2/20,8/21/20,1870,nan,nan,2.09,nan,nan,1.23,nan,nan,nan,0
2020,,V,4/30/20,8/20/20,1877,nan,nan,1.74,nan,nan,0.4,-0.23,nan,nan,0
2020,,X,5/2/20,8/21/20,2033,nan,nan,2.05,nan,nan,1.5,0,nan,nan,0
2021,,AU,4/27/21,8/21/21,1438,nan,nan,0.36,nan,nan,-2.87,-0.5,nan,nan,0
2021,,AB,4/27/21,8/21/21,1534,nan,nan,0.44,nan,nan,-2.79,-0.35,nan,nan,0
2021,,B,4/27/21,8/21/21,1679,nan,nan,0.85,nan,nan,-1.03,-0.48,nan,nan,0.06
2021,,D,4/27/21,8/21/21,1842,nan,nan,1.09,nan,nan,0.42,-0.15,nan,nan,0.2
2021,,T,nan,8/22/21,1870,nan,nan,nan,nan,nan,0.55,nan,nan,nan,0.19
2021,,V,nan,nan,1877,nan,nan,nan,nan,nan,nan,nan,nan,nan,nan
2021,,X,nan,8/22/21,2034,nan,nan,nan,nan,nan,0.56,nan,nan,nan,0.3
2022,,AU,4/18/22,8/24/22,1435,nan,nan,0.43,nan,nan,-3.48,-0.47,nan,nan,0
2022,,AB,4/18/22,8/24/22,1532,nan,nan,0.58,nan,nan,-2.81,-0.41,nan,nan,0
2022,,B,4/17/22,8/23/22,1678,nan,nan,1.08,nan,nan,-1.44,-0.1,nan,nan,0
2022,,D,4/17/22,8/23/22,1841,nan,nan,1.42,nan,nan,0.29,0,nan,nan,0.08
2022,,T,4/19/22,8/22/22,1870,nan,nan,1.56,nan,nan,0.63,0,nan,nan,0.28
2022,,V,4/18/22,nan,1876,nan,nan,1.24,nan,nan,nan,nan,nan,nan,nan
2022,,X,4/19/22,8/22/22,2034,nan,nan,1.24,nan,nan,0.17,0,nan,nan,0.59
2022,,Z,4/19/22,8/22/22,2078,nan,nan,1.25,nan,nan,1.18,nan,nan,nan,0.75
2023,,AU,4/17/23,8/23/23,1433,nan,nan,0.6,nan,nan,-3.11,-0.32,nan,nan,0
2023,,AB,4/17/23,8/23/23,1530,nan,nan,0.74,nan,nan,-2.66,-0.18,nan,nan,0
2023,,B,4/16/23,8/22/23,1677,nan,nan,1.4,nan,nan,-0.81,0,nan,nan,0
2023,,D,4/15/23,8/22/23,1840,nan,nan,1.92,nan,nan,0.5,0,nan,nan,0
2023,,T,nan,8/23/23,1870,nan,nan,nan,nan,nan,1.18,0,nan,nan,0
2023,,V,nan,8/22/23,1875,nan,nan,nan,nan,nan,0.07,0,nan,nan,0
2023,,Z,nan,8/23/23,2078,nan,nan,nan,nan,nan,1.96,0,nan,nan,0
2024,,AU,4/18/24,8/20/24,1430,1.47,387,0.57,0,nan,-2.5,nan,0,nan,0
2024,,AB,4/18/24,8/20/24,1528,1.61,nan,0.62,0,nan,-2.32,-0.46,0,nan,0
2024,,B,4/17/24,8/21/24,1676,2.69,382,1.03,0,nan,-0.77,-0.56,0,nan,0
2024,,D,4/17/24,8/21/24,1839,3.44,431,1.48,0,545,0,-0.3,0,nan,0
2024,,T,4/19/24,8/20/24,1870,3.94,417,1.64,1.1,530,0.58,-0.28,0.08,nan,0.04
2024,,V,4/19/24,8/21/24,1874,3.13,nan,1.35,0,nan,-0.04,-0.46,0,nan,0
2024,,Z,4/19/24,8/20/24,2078,4.48,452,2.02,2.12,542,1.15,nan,0.08,nan,0.03
2025,,AU,4/21/25,8/22/25,1428,1.68,nan,0.52,0,nan,-2.75,nan,0,nan,0
2025,,AB,4/21/25,8/22/25,1526,1.81,309,0.56,0,nan,-2.32,-0.23,0,nan,0
2025,,B,4/19/25,8/22/25,1675,2.73,394,1.07,0,nan,-0.79,-0.17,0,nan,0
2025,,D,4/19/25,8/22/25,1838,3.33,411,1.37,0.27,521,0.14,0,0,nan,0
2025,,T,4/20/25,8/23/25,1870,4.31,423,1.82,1.27,528,0.67,0,0,nan,0
2025,,V,4/21/25,8/22/25,1873,3.28,nan,1.35,0,nan,-0.11,nan,0,nan,0
2025,,Z,4/20/25,8/23/25,2078,4.38,424,1.86,1.95,553,1.08,0,0,nan,0
,,,,,,,,,,,,,,,
,Kennicott,,,,,,,,,,,,,,
2016,,GTL,5/26/16,8/20/16,1072,nan,nan,nan,nan,nan,nan,nan,nan,nan,0
2016,,GTH,5/26/16,8/20/16,2181,nan,nan,1.94,nan,nan,1.3,nan,nan,nan,0
2017,,GTL,5/26/17,9/30/17,1067,nan,nan,0.01,nan,nan,-4.19,-0.8,nan,nan,0
2017,,GTH,5/26/17,9/30/17,2178,nan,nan,1.2,nan,nan,0.75,0,nan,nan,0.1
2018,,GTH,5/17/18,8/29/18,2180,nan,nan,nan,nan,nan,2.17,0,nan,nan,0.24
2018,,K23,5/17/18,8/29/18,711,nan,nan,nan,nan,nan,nan,nan,nan,nan,0
2018,,GTL,5/17/18,8/29/18,1065,nan,nan,0.65,nan,nan,-2.81,0,nan,nan,0
2019,,KC31,6/7/19,8/22/19,918,nan,nan,nan,nan,nan,nan,nan,nan,nan,0
2019,,GTL,6/7/19,8/22/19,1069,nan,nan,nan,nan,nan,nan,nan,nan,nan,0
2019,,GTH,6/7/19,8/22/19,2180,nan,nan,1.72,nan,nan,0.5,0,nan,nan,0
2019,,KCML,6/7/19,8/22/19,1830,nan,nan,1.1,nan,nan,-1.66,0,nan,nan,0
2019,,KC27,6/7/19,8/22/19,790,nan,nan,nan,nan,nan,nan,nan,nan,nan,0
2020,,KC27,6/26/20,9/13/20,788,nan,nan,nan,nan,nan,nan,nan,nan,nan,0
2020,,GTL,6/26/20,9/13/20,1070,nan,nan,nan,nan,nan,nan,nan,nan,nan,0
2020,,GTH,6/26/20,9/13/20,2180,nan,nan,2.54,nan,nan,2.58,0,nan,nan,0.05
2020,,KC31,6/26/20,9/13/20,922,nan,nan,nan,nan,nan,nan,nan,nan,nan,0
2020,,KCML,6/26/20,9/13/20,1832,nan,nan,1.4,nan,nan,0.29,-0.42,nan,nan,0.13
2021,,GTL,6/11/21,9/8/21,1070,nan,nan,nan,nan,nan,nan,nan,nan,nan,0
2021,,KC27,6/11/21,9/8/21,787,nan,nan,nan,nan,nan,nan,nan,nan,nan,0
2021,,KCML,6/11/21,9/8/21,1830,nan,nan,1.34,nan,nan,0.43,0,nan,nan,0
2021,,KC31,6/11/21,9/8/21,919,nan,nan,nan,nan,nan,nan,nan,nan,nan,0
2021,,GTH,6/11/21,9/8/21,2180,nan,nan,1.75,nan,nan,1.75,0,nan,nan,0.04
2022,,KC31,5/25/22,9/16/22,913,nan,nan,0.41,nan,nan,-4.42,0,nan,nan,0
2022,,KCML,5/25/22,9/16/22,1832,nan,nan,1.67,nan,nan,0.51,0,nan,nan,0.28
2022,,GTL,5/25/22,9/16/22,1073,nan,nan,0.48,nan,nan,-3.56,-0.07,nan,nan,0
2022,,KC27,5/25/22,9/16/22,790,nan,nan,0.15,nan,nan,-6.36,-0.36,nan,nan,0
2022,,GTH,5/25/22,9/16/22,2186,nan,nan,nan,nan,nan,2.3,0,nan,nan,0.43
2023,,KC27,6/4/23,8/18/23,786,nan,nan,nan,nan,nan,nan,-0.83,nan,nan,0
2023,,KC31,6/4/23,8/18/23,912,nan,nan,0.07,nan,nan,-3.87,-0.14,nan,nan,0
2023,,GTH,6/4/23,8/18/23,2183,nan,nan,2.93,nan,nan,2.26,0,nan,nan,0.11
2023,,GTL,6/4/23,8/18/23,1074,nan,nan,0.25,nan,nan,-2.86,-0.05,nan,nan,0
2023,,KCML,6/4/23,8/18/23,1831,nan,nan,1.73,nan,nan,0.12,0,nan,nan,0.01
2024,,KC27,5/30/24,nan,808,nan,nan,nan,nan,nan,nan,nan,nan,nan,0
2024,,KC31,5/30/24,9/29/24,925,0.33,418,0.14,0,nan,-4.23,-0.8,0,nan,0
2024,,GTL,5/30/24,9/29/24,1090,0.68,521,0.35,0,nan,-4.59,nan,0,nan,0
2024,,KCM,5/30/24,9/29/24,1847,3.22,452,1.46,0.4,516,0.21,0,0.95,329,0.31
2024,,GTH,5/30/24,9/29/24,2203,4.97,434,2.16,3.03,nan,1.76,0,2.28,nan,0.72
2024,,KCO,nan,9/29/24,2620,nan,nan,nan,6.91,576,3.98,0,3.19,298,0.95
2025,,KC27,5/24/25,9/29/25,808,nan,nan,nan,nan,nan,nan,nan,0,nan,0
2025,,KC31,5/24/25,9/29/25,925,0.13,nan,0.06,0,nan,-4.71,-0.15,0,nan,0
2025,,GTL,5/24/25,nan,1090,0.63,nan,0.29,nan,nan,nan,-0.2,nan,nan,nan
2025,,KCM,5/24/25,9/29/25,1847,3.35,461,1.54,0,nan,-0.37,0,0.65,256,0.17
2025,,GTH,nan,nan,2203,nan,nan,nan,nan,nan,nan,nan,nan,nan,nan
2025,,KCN,5/24/25,nan,2203,5.31,434,2.31,nan,nan,nan,nan,nan,nan,nan
2025,,KCO,5/24/25,9/29/25,2620,8.18,432,3.54,9.11,562,5.12,0,2.19,249,0.55
,,,,,,,,,,,,,,,
,Lemon Creek,,,,,,,,,,,,,,
1948,,A,3/1/48,10/31/48,926,nan,nan,nan,nan,nan,nan,nan,nan,nan,nan
1948,,B,3/1/48,10/31/48,1021,nan,nan,nan,nan,nan,nan,nan,nan,nan,nan
1948,,C,3/1/48,10/31/48,1134,nan,nan,nan,nan,nan,nan,nan,nan,nan,nan
1948,,D,3/1/48,10/31/48,1211,nan,nan,nan,nan,nan,nan,nan,nan,nan,nan
1948,,E,3/1/48,10/31/48,1269,nan,nan,nan,nan,nan,nan,nan,nan,nan,nan
1948,,F,3/1/48,10/31/48,1312,nan,nan,nan,nan,nan,nan,nan,nan,nan,nan
1948,,G,3/1/48,10/31/48,1202,nan,nan,nan,nan,nan,nan,nan,nan,nan,nan
1948,,H,3/1/48,10/31/48,1193,nan,nan,nan,nan,nan,nan,nan,nan,nan,nan
1957,,A,3/1/57,10/31/57,901,nan,nan,nan,nan,nan,nan,nan,nan,nan,nan
1957,,B,3/1/57,10/31/57,1005,nan,nan,nan,nan,nan,nan,nan,nan,nan,nan
1957,,C,3/1/57,10/31/57,1115,nan,nan,nan,nan,nan,nan,nan,nan,nan,nan
1957,,D,3/1/57,10/31/57,1221,nan,nan,nan,nan,nan,nan,nan,nan,nan,nan
1957,,E,3/1/57,10/31/57,1276,nan,nan,nan,nan,nan,nan,nan,nan,nan,nan
1957,,F,3/1/57,10/31/57,1264,nan,nan,nan,nan,nan,nan,nan,nan,nan,nan
1957,,G,3/1/57,10/31/57,1231,nan,nan,nan,nan,nan,nan,nan,nan,nan,nan
1957,,H,3/1/57,9/11/57,1182,nan,nan,nan,nan,nan,1.32,nan,nan,nan,nan
1966,,A,3/1/66,10/31/66,896,nan,nan,nan,nan,nan,nan,nan,nan,nan,nan
1966,,B,3/1/66,10/31/66,1002,nan,nan,nan,nan,nan,nan,nan,nan,nan,nan
1966,,C,7/7/66,8/6/66,1114,nan,nan,1.99,nan,nan,1.78,nan,nan,nan,nan
1966,,D,7/13/66,8/5/66,1217,nan,nan,1.95,nan,nan,1.26,nan,nan,nan,nan
1966,,F,7/14/66,8/6/66,1264,nan,nan,1.99,nan,nan,1.5,nan,nan,nan,nan
1966,,E,3/1/66,10/31/66,1274,nan,nan,nan,nan,nan,nan,nan,nan,nan,nan
1966,,G,3/1/66,10/31/66,1229,nan,nan,nan,nan,nan,nan,nan,nan,nan,nan
1966,,H,3/1/66,10/31/66,1178,nan,nan,nan,nan,nan,nan,nan,nan,nan,nan
1974,,A,3/1/74,10/31/74,893,nan,nan,nan,nan,nan,nan,nan,nan,nan,nan
1974,,B,3/1/74,10/31/74,1001,nan,nan,nan,nan,nan,nan,nan,nan,nan,nan
1974,,C,3/1/74,10/31/74,1114,nan,nan,nan,nan,nan,nan,nan,nan,nan,nan
1974,,D,3/1/74,10/31/74,1215,nan,nan,nan,nan,nan,nan,nan,nan,nan,nan
1974,,E,3/1/74,10/31/74,1273,nan,nan,nan,nan,nan,nan,nan,nan,nan,nan
1974,,F,3/1/74,10/31/74,1265,nan,nan,nan,nan,nan,nan,nan,nan,nan,nan
1974,,G,3/1/74,10/31/74,1228,nan,nan,nan,nan,nan,nan,nan,nan,nan,nan
1974,,H,3/1/74,10/31/74,1176,nan,nan,nan,nan,nan,nan,nan,nan,nan,nan
1979,,C,3/1/79,7/12/79,1112,nan,nan,nan,nan,nan,1.45,nan,nan,nan,nan
1979,,D,3/1/79,7/16/79,1216,nan,nan,nan,nan,nan,2.41,nan,nan,nan,nan
1979,,H,3/1/79,7/13/79,1175,nan,nan,nan,nan,nan,2.75,nan,nan,nan,nan
1984,,B,3/1/84,7/23/84,993,nan,nan,nan,nan,nan,2.28,nan,nan,nan,nan
1984,,C,3/1/84,6/29/84,1106,nan,nan,nan,nan,nan,2.15,nan,nan,nan,nan
1985,,C,3/1/85,7/27/85,1105,nan,nan,nan,nan,nan,3.12,nan,nan,nan,nan
1985,,G,3/1/85,7/15/85,1224,nan,nan,nan,nan,nan,2.86,nan,nan,nan,nan
1990,,C,3/1/90,7/3/90,1101,nan,nan,nan,nan,nan,2.21,nan,nan,nan,nan
1990,,D,3/1/90,7/2/90,1208,nan,nan,nan,nan,nan,2.33,nan,nan,nan,nan
1990,,G,3/1/90,7/13/90,1221,nan,nan,nan,nan,nan,1.6,nan,nan,nan,nan
1996,,D,3/1/96,7/13/96,1208,nan,nan,nan,nan,nan,0.81,nan,nan,nan,nan
1996,,H,3/1/96,7/12/96,1167,nan,nan,nan,nan,nan,1.15,nan,nan,nan,nan
1998,,G,3/1/98,7/15/98,1221,nan,nan,nan,nan,nan,1.47,nan,nan,nan,nan
1998,,H,3/1/98,7/15/98,1167,nan,nan,nan,nan,nan,1.4,nan,nan,nan,nan
1999,,C,3/1/99,7/13/99,1101,nan,nan,nan,nan,nan,2.58,nan,nan,nan,nan
1999,,G,3/1/99,7/14/99,1221,nan,nan,nan,nan,nan,1.69,nan,nan,nan,nan
1999,,H,3/1/99,7/14/99,1167,nan,nan,nan,nan,nan,2.23,nan,nan,nan,nan
2000,,D,3/1/00,7/13/00,1209,nan,nan,nan,nan,nan,1.83,nan,nan,nan,nan
2000,,G,3/1/00,7/15/00,1222,nan,nan,nan,nan,nan,1.78,nan,nan,nan,nan
2000,,H,3/1/00,7/16/00,1167,nan,nan,nan,nan,nan,1.79,nan,nan,nan,nan
2001,,G,3/1/01,7/12/01,1220,nan,nan,nan,nan,nan,2.46,nan,nan,nan,nan
2001,,H,3/1/01,7/12/01,1165,nan,nan,nan,nan,nan,2.3,nan,nan,nan,nan
2002,,C,3/1/02,7/14/02,1097,nan,nan,nan,nan,nan,1.75,nan,nan,nan,nan
2002,,G,3/1/02,7/13/02,1218,nan,nan,nan,nan,nan,1.83,nan,nan,nan,nan
2002,,H,3/1/02,7/12/02,1163,nan,nan,nan,nan,nan,1.49,nan,nan,nan,nan
2003,,C,3/1/03,7/14/03,1095,nan,nan,nan,nan,nan,0.77,nan,nan,nan,nan
2003,,D,3/1/03,7/14/03,1204,nan,nan,nan,nan,nan,0.99,nan,nan,nan,nan
2003,,G,3/1/03,7/13/03,1216,nan,nan,nan,nan,nan,0.68,nan,nan,nan,nan
2003,,H,3/1/03,7/14/03,1161,nan,nan,nan,nan,nan,1.01,nan,nan,nan,nan
2004,,C,3/1/04,7/14/04,1094,nan,nan,nan,nan,nan,1.28,nan,nan,nan,nan
2004,,D,3/1/04,7/13/04,1203,nan,nan,nan,nan,nan,1.89,nan,nan,nan,nan
2004,,G,3/1/04,7/13/04,1214,nan,nan,nan,nan,nan,1.37,nan,nan,nan,nan
2004,,H,3/1/04,7/14/04,1160,nan,nan,nan,nan,nan,1.42,nan,nan,nan,nan
2005,,C,3/1/05,7/16/05,1092,nan,nan,nan,nan,nan,1.31,nan,nan,nan,nan
2005,,D,3/1/05,7/15/05,1201,nan,nan,nan,nan,nan,1.67,nan,nan,nan,nan
2005,,G,3/1/05,7/14/05,1213,nan,nan,nan,nan,nan,1.17,nan,nan,nan,nan
2005,,H,3/1/05,7/15/05,1158,nan,nan,nan,nan,nan,1.5,nan,nan,nan,nan
2006,,C,3/1/06,7/14/06,1090,nan,nan,nan,nan,nan,1.77,nan,nan,nan,nan
2006,,D,3/1/06,7/12/06,1200,nan,nan,nan,nan,nan,2.13,nan,nan,nan,nan
2006,,G,3/1/06,7/12/06,1211,nan,nan,nan,nan,nan,1.88,nan,nan,nan,nan
2006,,H,3/1/06,7/16/06,1156,nan,nan,nan,nan,nan,2.05,nan,nan,nan,nan
2007,,C,3/1/07,7/12/07,1089,nan,nan,nan,nan,nan,2.31,nan,nan,nan,nan
2007,,D,3/1/07,7/15/07,1198,nan,nan,nan,nan,nan,2.41,nan,nan,nan,nan
2007,,G,3/1/07,6/28/07,1209,nan,nan,nan,nan,nan,2.41,nan,nan,nan,nan
2007,,H,3/1/07,7/16/07,1155,nan,nan,nan,nan,nan,2.49,nan,nan,nan,nan
2008,,D,3/1/08,7/6/08,1197,nan,nan,nan,nan,nan,3.06,nan,nan,nan,nan
2008,,G,3/1/08,7/9/08,1207,nan,nan,nan,nan,nan,2.83,nan,nan,nan,nan
2008,,H,3/1/08,7/5/08,1153,nan,nan,nan,nan,nan,3.52,nan,nan,nan,nan
2009,,C,3/1/09,7/9/09,1085,nan,nan,nan,nan,nan,1.66,nan,nan,nan,nan
2009,,G,3/1/09,7/6/09,1206,nan,nan,nan,nan,nan,1.81,nan,nan,nan,nan
2009,,H,3/1/09,7/7/09,1151,nan,nan,nan,nan,nan,1.79,nan,nan,nan,nan
2010,,C,3/1/10,7/9/10,1084,nan,nan,nan,nan,nan,1.87,nan,nan,nan,nan
2010,,G,3/1/10,7/8/10,1204,nan,nan,nan,nan,nan,1.74,nan,nan,nan,nan
2010,,H,3/1/10,7/9/10,1150,nan,nan,nan,nan,nan,2.25,nan,nan,nan,nan
2011,,C,3/1/11,7/5/11,1082,nan,nan,nan,nan,nan,1.68,nan,nan,nan,nan
2011,,D,3/1/11,7/4/11,1192,nan,nan,nan,nan,nan,1.87,nan,nan,nan,nan
2011,,G,3/1/11,7/4/11,1202,nan,nan,nan,nan,nan,1.78,nan,nan,nan,nan
2011,,H,3/1/11,7/5/11,1148,nan,nan,nan,nan,nan,1.88,nan,nan,nan,nan
2012,,C,3/1/12,7/7/12,1080,nan,nan,nan,nan,nan,3.9,nan,nan,nan,nan
2012,,D,3/1/12,7/5/12,1191,nan,nan,nan,nan,nan,3.57,nan,nan,nan,nan
2012,,G,3/1/12,7/5/12,1200,nan,nan,nan,nan,nan,3.07,nan,nan,nan,nan
2012,,H,3/1/12,7/6/12,1146,nan,nan,nan,nan,nan,3.27,nan,nan,nan,nan
2013,,C,3/1/13,7/4/13,1079,nan,nan,nan,nan,nan,1.97,nan,nan,nan,nan
2013,,D,3/1/13,7/3/13,1190,nan,nan,nan,nan,nan,2.09,nan,nan,nan,nan
2013,,G,3/1/13,7/2/13,1199,nan,nan,nan,nan,nan,1.93,nan,nan,nan,nan
2013,,H,3/1/13,7/4/13,1145,nan,nan,nan,nan,nan,1.9,nan,nan,nan,nan
2014,,A,7/9/14,9/17/14,837,nan,nan,0,nan,nan,-2.95,nan,nan,nan,nan
2014,,B,7/10/14,9/17/14,957,nan,nan,0.51,nan,nan,-2.16,nan,nan,nan,nan
2014,,C,7/9/14,9/17/14,1076,nan,nan,1.31,nan,nan,nan,nan,nan,nan,nan
2014,,D,7/2/14,9/17/14,1186,nan,nan,2.05,nan,nan,-0.66,nan,nan,nan,nan
2014,,G,3/1/14,7/9/14,1196,nan,nan,nan,nan,nan,1.33,nan,nan,nan,nan
2014,,H,3/1/14,7/8/14,1142,nan,nan,nan,nan,nan,1.81,nan,nan,nan,nan
2015,,A,3/31/15,7/6/15,834,nan,nan,1.03,nan,nan,-1.76,nan,nan,nan,nan
2015,,B,3/31/15,7/6/15,954,nan,nan,1.44,nan,nan,-0.81,nan,nan,nan,nan
2015,,C,3/31/15,7/6/15,1073,nan,nan,2.26,nan,nan,1.26,nan,nan,nan,nan
2015,,D,3/31/15,7/6/15,1183,nan,nan,2.1,nan,nan,1.4,nan,nan,nan,nan
2015,,G,3/1/15,7/9/15,1193,nan,nan,nan,nan,nan,1.32,nan,nan,nan,nan
2015,,H,3/1/15,7/6/15,1139,nan,nan,nan,nan,nan,1.79,nan,nan,nan,nan
2016,,A,3/24/16,9/11/16,831,nan,nan,1.32,nan,nan,-3.9,nan,nan,nan,0
2016,,B,3/24/16,9/11/16,951,nan,nan,2.1,nan,nan,-2.5,nan,nan,nan,0
2016,,C,3/23/16,9/11/16,1071,nan,nan,2.57,nan,nan,-1.13,nan,nan,nan,0
2016,,D,3/21/16,9/10/16,1180,nan,nan,2.48,nan,nan,-0.58,nan,nan,nan,0
2016,,E,3/21/16,9/10/16,1243,nan,nan,3.25,nan,nan,0.4,nan,nan,nan,0
2016,,F,nan,nan,1236,nan,nan,nan,nan,nan,nan,nan,nan,nan,nan
2016,,G,3/21/16,7/6/16,1191,nan,nan,nan,nan,nan,1.42,nan,nan,nan,nan
2016,,H,3/21/16,7/6/16,1137,nan,nan,nan,nan,nan,1.91,nan,nan,nan,nan
2017,,A,4/8/17,10/7/17,826,nan,nan,1.2,nan,nan,-4.23,nan,nan,nan,0
2017,,B,4/9/17,10/7/17,948,nan,nan,1.98,nan,nan,-2.88,-0.28,nan,nan,0
2017,,C,4/9/17,10/7/17,1068,nan,nan,2.54,nan,nan,-1.09,-0.28,nan,nan,0
2017,,D,4/7/17,10/7/17,1177,nan,nan,2.72,nan,nan,-0.73,-0.17,nan,nan,0.03
2017,,E,4/10/17,10/8/17,1240,nan,nan,3.98,nan,nan,0.45,-0.33,nan,nan,0.04
2017,,F,4/10/17,10/8/17,1234,nan,nan,1.99,nan,nan,-1.78,0,nan,nan,0.06
2017,,G,4/8/17,7/8/17,1188,nan,nan,nan,nan,nan,1.45,nan,nan,nan,nan
2017,,H,4/8/17,7/7/17,1134,nan,nan,nan,nan,nan,1.89,nan,nan,nan,nan
2018,,A,5/7/18,9/13/18,822,nan,nan,0.98,nan,nan,-4.74,0,nan,nan,0
2018,,B,5/7/18,9/13/18,945,nan,nan,1.57,nan,nan,-3.19,0,nan,nan,0
2018,,C,5/7/18,9/13/18,1065,nan,nan,2.15,nan,nan,-1.55,-0.08,nan,nan,0
2018,,D,5/6/18,9/12/18,1175,nan,nan,2.26,nan,nan,-1.33,0,nan,nan,0
2018,,E,5/6/18,9/12/18,1238,nan,nan,3.24,nan,nan,-0.32,0,nan,nan,0
2018,,F,5/6/18,9/12/18,1232,nan,nan,1.89,nan,nan,-1.77,0,nan,nan,0
2018,,G,5/8/18,7/6/18,1185,nan,nan,2.09,nan,nan,1.01,nan,nan,nan,0
2018,,H,5/8/18,7/6/18,1131,nan,nan,2.23,nan,nan,1.11,nan,nan,nan,0
2019,,A,4/11/19,9/28/19,818,nan,nan,0.88,nan,nan,-5.59,-0.59,nan,nan,0
2019,,B,4/11/19,9/28/19,942,nan,nan,1.41,nan,nan,-4.55,-0.5,nan,nan,0
2019,,C,4/11/19,9/28/19,1063,nan,nan,2.1,nan,nan,-2.6,-0.43,nan,nan,0.01
2019,,D,4/10/19,9/27/19,1173,nan,nan,2.16,nan,nan,-1.88,-0.17,nan,nan,0.04
2019,,E,4/13/19,9/27/19,1237,nan,nan,2.71,nan,nan,-1.74,nan,nan,nan,0.08
2019,,F,4/13/19,9/27/19,1231,nan,nan,1.75,nan,nan,-2.85,-0.21,nan,nan,0.04
2020,,A,5/21/20,9/5/20,814,nan,nan,1.84,nan,nan,-2.24,0,nan,nan,0
2020,,B,5/21/20,9/5/20,939,nan,nan,2.72,nan,nan,-1.39,0,nan,nan,0
2020,,C,7/5/20,9/5/20,1061,nan,nan,2.06,nan,nan,0.04,0,nan,nan,0
2020,,D,5/21/20,9/4/20,1172,nan,nan,3.37,nan,nan,0.51,0,nan,nan,0
2020,,E,7/5/20,9/4/20,1236,nan,nan,3.84,nan,nan,1.24,nan,nan,nan,0
2020,,F,7/5/20,9/4/20,1230,nan,nan,2.22,nan,nan,0.12,0,nan,nan,0
2020,,H,7/5/20,9/5/20,1128,nan,nan,2.46,nan,nan,0.56,nan,nan,nan,0
2021,,A,4/16/21,9/18/21,811,nan,nan,2.26,nan,nan,-2.65,-0.65,nan,nan,0
2021,,B,4/16/21,9/18/21,937,nan,nan,2.73,nan,nan,-1.49,-0.7,nan,nan,0
2021,,C,4/16/21,9/18/21,1060,nan,nan,3.34,nan,nan,0,-0.76,nan,nan,0
2021,,D,4/17/21,9/17/21,1171,nan,nan,3.51,nan,nan,0.6,-0.49,nan,nan,0.04
2021,,E,4/17/21,9/17/21,1236,nan,nan,4.59,nan,nan,1.44,nan,nan,nan,0.13
2021,,F,4/17/21,9/17/21,1229,nan,nan,3.19,nan,nan,-0.2,-0.66,nan,nan,0.12
2022,,A,4/13/22,9/11/22,807,nan,nan,2.46,nan,nan,-2.14,-0.28,nan,nan,0
2022,,B,4/13/22,9/11/22,934,nan,nan,3.28,nan,nan,-0.59,-0.63,nan,nan,0
2022,,C,4/13/22,9/11/22,1058,nan,nan,3.66,nan,nan,0.07,0,nan,nan,0
2022,,D,4/10/22,9/10/22,1169,nan,nan,3.65,nan,nan,0.62,0,nan,nan,0
2022,,E,4/11/22,9/10/22,1235,nan,nan,5.01,nan,nan,1.55,0,nan,nan,0
2022,,F,4/11/22,9/10/22,1228,nan,nan,3.4,nan,nan,-0.39,0,nan,nan,0
2023,,A,5/15/23,9/19/23,803,nan,nan,1.93,nan,nan,-3.16,nan,nan,nan,0
2023,,B,5/15/23,9/19/23,931,nan,nan,2.33,nan,nan,-2.89,nan,nan,nan,0
2023,,C,5/15/23,9/19/23,1056,nan,nan,2.96,nan,nan,-1.07,-1.26,nan,nan,0
2023,,D,5/14/23,9/19/23,1168,nan,nan,2.84,nan,nan,-0.22,-1.34,nan,nan,0
2023,,E,5/14/23,9/19/23,1234,nan,nan,4.13,nan,nan,-0.38,-0.54,nan,nan,0
2023,,F,5/15/23,9/19/23,1227,nan,nan,2.59,nan,nan,-1.55,-1,nan,nan,0
2024,,A,5/17/24,9/27/24,800,2.78,540,1.5,0,nan,-3.25,nan,0,nan,0
2024,,B,5/17/24,9/27/24,929,4.26,nan,2.39,0,nan,-2.28,-0.95,0,nan,0
2024,,C,5/17/24,9/27/24,1055,5.8,582,3.38,0,nan,-0.29,-0.8,0,nan,0
2024,,D,5/16/24,9/26/24,1167,6.25,562,3.51,0,nan,0,-0.36,0.03,nan,0.01
2024,,E,5/16/24,9/27/24,1234,8.21,nan,4.61,1.33,610,0.81,nan,0.08,300,0.02
2024,,F,5/16/24,9/27/24,1226,5.7,nan,3.2,0,nan,-0.87,-0.68,0.07,nan,0.02
2025,,A,6/24/25,9/3/25,796,0.88,nan,0.46,0,nan,-3.13,-0.14,0,nan,0
2025,,B,6/24/25,9/3/25,926,3.14,nan,1.63,0,nan,-1.13,nan,0,nan,0
2025,,C,6/24/25,9/3/25,1053,5.18,nan,2.69,0.93,nan,0.62,0,0,nan,0
2025,,D,6/24/25,9/3/25,1165,5.62,nan,2.92,1.7,667,1.13,0,0,nan,0
2025,,E,6/24/25,9/3/25,1233,7.44,nan,3.87,3.36,621,2.09,0,0,nan,0
2025,,F,6/24/25,9/3/25,1225,5.37,nan,2.79,0.57,nan,0.35,0,0,nan,0
,,,,,,,,,,,,,,,
,South Cascade,,,,,,,,,,,,,,
1986,,B,5/15/86,9/23/86,2021,nan,nan,2.88,nan,nan,0.12,nan,nan,nan,0
1986,,P1,5/15/86,11/5/86,1844,nan,nan,2.75,nan,nan,-0.28,nan,nan,nan,0
1986,,J,5/16/86,11/5/86,1683,nan,nan,1.19,nan,nan,-4.91,nan,nan,nan,0
1986,,I,5/16/86,11/5/86,1651,nan,nan,1.4,nan,nan,-5.31,nan,nan,nan,0
1987,,A,5/6/87,11/10/87,2061,nan,nan,2.04,nan,nan,-0.89,nan,nan,nan,0
1987,,C,5/6/87,11/10/87,1943,nan,nan,2.16,nan,nan,-1.13,nan,nan,nan,0
1987,,P1,5/6/87,11/10/87,1842,nan,nan,2.1,nan,nan,-2.35,nan,nan,nan,0
1987,,F,5/6/87,11/10/87,1731,nan,nan,1.86,nan,nan,-3.56,nan,nan,nan,0
1987,,J,5/6/87,11/10/87,1669,nan,nan,1.34,nan,nan,-5.04,nan,nan,nan,0
1987,,I,5/6/87,11/10/87,1646,nan,nan,1.58,nan,nan,-5.31,nan,nan,nan,0
1988,,P1,5/19/88,10/27/88,1841,nan,nan,2.1,nan,nan,-1.3,nan,nan,nan,0
1989,,A,5/3/89,10/9/89,2059,nan,nan,2.49,nan,nan,-0.2,nan,nan,nan,0
1989,,P1,5/3/89,10/9/89,1840,nan,nan,2.7,nan,nan,-0.35,nan,nan,nan,0
1989,,K,5/4/89,10/9/89,1741,nan,nan,2.35,nan,nan,-2.43,nan,nan,nan,0
1989,,J,5/4/89,10/9/89,1661,nan,nan,0.91,nan,nan,-5.99,nan,nan,nan,0
1989,,C,5/3/89,10/9/89,1940,nan,nan,2.7,nan,nan,nan,nan,nan,nan,nan
1990,,B,5/1/90,10/3/90,2018,nan,nan,3.17,nan,nan,0.92,nan,nan,nan,0
1990,,P1,5/1/90,10/3/90,1838,nan,nan,2.79,nan,nan,-0.36,nan,nan,nan,0
1990,,K,5/1/90,7/19/90,1751,nan,nan,1.82,nan,nan,0.38,nan,nan,nan,0
1990,,J,5/1/90,7/19/90,1661,nan,nan,0.59,nan,nan,-2.64,nan,nan,nan,0
1990,,C,5/1/90,10/16/91,1939,nan,nan,2.83,nan,nan,nan,nan,nan,nan,nan
1991,,A,5/1/91,10/16/91,2057,nan,nan,3.93,nan,nan,0.61,0,nan,nan,0
1991,,P1,5/1/91,10/16/91,1837,nan,nan,3.83,nan,nan,0.3,0,nan,nan,nan
1991,,K,5/1/91,10/21/91,1746,nan,nan,3.56,nan,nan,-0.9,0,nan,nan,nan
1991,,J,5/1/91,10/21/91,1652,nan,nan,1.42,nan,nan,-5.24,0,nan,nan,nan
1992,,B,4/15/92,10/10/92,2017,nan,nan,2.3,nan,nan,-0.31,nan,nan,nan,0
1992,,P1,4/15/92,10/10/92,1836,nan,nan,2.03,nan,nan,-2.29,nan,nan,nan,0
1992,,K,4/15/92,10/10/92,1762,nan,nan,1.08,nan,nan,-4.5,nan,nan,nan,0
1992,,L,4/15/92,10/10/92,1686,nan,nan,0.59,nan,nan,-6.02,-0.15,nan,nan,0
1992,,C,4/15/92,10/10/92,1936,nan,nan,2.16,nan,nan,nan,nan,nan,nan,nan
1993,,B,5/5/93,10/12/93,2016,nan,nan,2.23,nan,nan,0.09,nan,nan,nan,0
1993,,C,5/5/93,10/12/93,1935,nan,nan,1.85,nan,nan,nan,nan,nan,nan,nan
1993,,P1,5/5/93,8/18/93,1835,nan,nan,2.12,nan,nan,-1.16,nan,nan,nan,0
1993,,K,5/5/93,10/12/93,1736,nan,nan,2.35,nan,nan,-2.15,nan,nan,nan,0
1993,,L,5/5/93,10/12/93,1652,nan,nan,0.54,nan,nan,-6.46,nan,nan,nan,0
1994,,A,6/2/94,10/25/94,2055,nan,nan,2.42,nan,nan,-1.02,0,nan,nan,0.33
1994,,P1,5/3/94,10/25/94,1834,nan,nan,2.28,nan,nan,-1.76,0,nan,nan,0.33
1994,,F,5/3/94,10/25/94,1725,nan,nan,1.65,nan,nan,-3.94,0,nan,nan,0.25
1994,,L,5/3/94,10/25/94,1656,nan,nan,1.5,nan,nan,-5.12,0,nan,nan,0.15
1994,,C,5/4/94,10/25/94,1935,nan,nan,2.58,nan,nan,nan,nan,nan,nan,nan
1995,,B,5/15/95,11/15/95,2016,nan,nan,3.08,nan,nan,0.11,0,nan,nan,nan
1995,,P1,5/15/95,11/15/95,1833,nan,nan,2.86,nan,nan,-0.81,0,nan,nan,nan
1995,,E,5/15/95,11/15/95,1736,nan,nan,2.31,nan,nan,-3.29,0,nan,nan,nan
1995,,L,5/16/95,11/15/95,1654,nan,nan,1.08,nan,nan,-5.29,0,nan,nan,nan
1995,,C,5/15/95,11/15/95,1935,nan,nan,3.43,nan,nan,nan,nan,nan,nan,nan
1996,,A,5/24/96,10/9/96,2055,nan,nan,3.3,nan,nan,0.79,0,nan,nan,0
1996,,P1,5/24/96,10/9/96,1832,nan,nan,2.95,nan,nan,0,0,nan,nan,0
1996,,E,5/24/96,10/30/96,1734,nan,nan,2.02,nan,nan,-2.63,0,nan,nan,0.5
1996,,L,5/24/96,10/30/96,1637,nan,nan,0.86,nan,nan,-5.59,nan,nan,nan,0.5
1996,,G,5/24/96,10/30/96,1680,nan,nan,2.24,nan,nan,-3.3,nan,nan,nan,0.5
1996,,B,5/24/96,10/30/96,2015,nan,nan,nan,nan,nan,1.61,nan,nan,nan,nan
1997,,P1,5/9/97,11/4/97,1831,nan,nan,3.34,nan,nan,-0.09,0,nan,nan,0.5
1997,,E,5/9/97,11/4/97,1733,nan,nan,2.68,nan,nan,-1.67,0,nan,nan,0.28
1997,,L,5/9/97,11/4/97,1639,nan,nan,2.04,nan,nan,-4.37,0,nan,nan,0.1
1997,,G,5/9/97,11/4/97,1682,nan,nan,2.35,nan,nan,-3.75,0,nan,nan,0.19
1997,,A,5/9/97,11/4/97,2054,nan,nan,nan,nan,nan,nan,nan,nan,nan,nan
1997,,B,5/9/97,11/4/97,2015,nan,nan,nan,nan,nan,nan,nan,nan,nan,nan
1997,,C,5/9/97,11/4/97,1934,nan,nan,nan,nan,nan,nan,nan,nan,nan,nan
1998,,P1,5/5/98,10/19/98,1830,nan,nan,2.39,nan,nan,-2.47,0,nan,nan,0.14
1998,,E,5/6/98,10/19/98,1732,nan,nan,2.3,nan,nan,-3.49,0,nan,nan,0.08
1998,,L,5/5/98,10/10/98,1637,nan,nan,1.19,nan,nan,-6.46,nan,nan,nan,0
1998,,G,5/6/98,10/19/98,1673,nan,nan,1.57,nan,nan,-6.07,0,nan,nan,0.03
1998,,C,5/6/98,10/19/98,1934,nan,nan,3.21,nan,nan,-0.97,0,nan,nan,0.21
1998,,B,5/6/98,10/19/98,2015,nan,nan,3.36,nan,nan,-0.77,0,nan,nan,0.25
1999,,P1,5/27/99,10/15/99,1829,nan,nan,3.67,nan,nan,0.9,0,nan,nan,nan
1999,,E,5/27/99,10/15/99,1730,nan,nan,2.59,nan,nan,-2.91,0,nan,nan,nan
1999,,L,5/27/99,10/15/99,1652,nan,nan,2.43,nan,nan,-2.39,0,nan,nan,nan
1999,,G,5/27/99,10/15/99,1679,nan,nan,2.86,nan,nan,-3.26,0,nan,nan,nan
1999,,C,5/27/99,10/15/99,1933,nan,nan,nan,nan,nan,1.68,0,nan,nan,nan
2000,,P1,5/7/00,10/5/00,1828,nan,nan,3,nan,nan,0.18,nan,nan,nan,0
2000,,E,5/7/00,10/5/00,1729,nan,nan,2.7,nan,nan,-0.74,nan,nan,nan,0
2000,,A,5/7/00,10/5/00,2054,nan,nan,nan,nan,nan,nan,nan,nan,nan,nan
2000,,B,5/7/00,10/5/00,2014,nan,nan,nan,nan,nan,nan,nan,nan,nan,nan
2000,,C,5/7/00,10/5/00,1933,nan,nan,nan,nan,nan,nan,nan,nan,nan,nan
2001,,A,5/10/01,10/28/01,2054,nan,nan,1.81,nan,nan,nan,nan,nan,nan,nan
2001,,B,5/10/01,10/28/01,2014,nan,nan,1.95,nan,nan,nan,nan,nan,nan,nan
2001,,C,5/10/01,10/28/01,1933,nan,nan,1.95,nan,nan,nan,nan,nan,nan,nan
2001,,P1,5/10/01,10/28/01,1828,nan,nan,1.93,nan,nan,-1.17,0,nan,nan,0.25
2001,,E,5/10/01,10/28/01,1728,nan,nan,1.87,nan,nan,-2.04,0,nan,nan,0.25
2002,,B,5/1/02,10/26/02,2013,nan,nan,4.72,nan,nan,1.99,0,nan,nan,0.04
2002,,P1,5/1/02,10/26/02,1826,nan,nan,3.98,nan,nan,0.73,nan,nan,nan,0
2002,,M,5/1/02,10/26/02,1807,nan,nan,2.75,nan,nan,-1.67,nan,nan,nan,0
2002,,F,5/1/02,10/26/02,1715,nan,nan,2.45,nan,nan,-2.21,nan,nan,nan,0
2002,,H,5/1/02,10/26/02,1651,nan,nan,0.87,nan,nan,-5.46,nan,nan,nan,0
2003,,P1,5/7/03,10/24/03,1825,nan,nan,2.45,nan,nan,-2.51,0,nan,nan,0.14
2003,,B,5/8/03,10/24/03,2012,nan,nan,3.07,nan,nan,-0.45,0,nan,nan,0.23
2003,,M,5/9/03,7/8/03,1805,nan,nan,2.08,nan,nan,0.65,nan,nan,nan,0
2003,,E,5/9/03,10/22/03,1723,nan,nan,1.85,nan,nan,-4.73,nan,nan,nan,0
2003,,F,5/9/03,10/24/03,1708,nan,nan,1.64,nan,nan,-5.08,0,nan,nan,0.15
2003,,G,5/9/03,10/24/03,1671,nan,nan,1.23,nan,nan,-6.72,0,nan,nan,0.03
2003,,H,5/9/03,10/24/03,1645,nan,nan,0.42,nan,nan,-8.37,0,nan,nan,0.03
2003,,C,7/25/03,10/24/03,1931,nan,nan,1.2,nan,nan,-0.84,0,nan,nan,0.2
2003,,A,7/25/03,10/24/03,2050,nan,nan,1.31,nan,nan,-1.26,0,nan,nan,0.09
2004,,B,4/24/04,10/27/04,2011,nan,nan,2.16,nan,nan,-0.44,0,nan,nan,0.43
2004,,P1,4/25/04,10/27/04,1824,nan,nan,1.94,nan,nan,-1.81,0,nan,nan,0.22
2004,,E,4/25/04,10/15/04,1721,nan,nan,1.64,nan,nan,-4.11,nan,nan,nan,0
2004,,F,4/25/04,7/22/04,1705,nan,nan,1.44,nan,nan,-0.86,nan,nan,nan,0
2004,,H,4/25/04,7/22/04,1637,nan,nan,0.34,nan,nan,-3.88,nan,nan,nan,0
2004,,G,4/26/04,10/27/04,1660,nan,nan,0.04,nan,nan,-8.23,nan,nan,nan,0
2004,,C,7/21/04,10/27/04,1930,nan,nan,1.11,nan,nan,-0.58,0,nan,nan,0.36
2004,,A,7/21/04,10/27/04,2049,nan,nan,1.07,nan,nan,-0.5,0,nan,nan,0.32
2005,,A,4/20/05,10/22/05,2048,nan,nan,2.18,nan,nan,-1.98,nan,nan,nan,0
2005,,B,4/20/05,10/22/05,2010,nan,nan,2.58,nan,nan,-0.65,0,nan,nan,0.06
2005,,C,4/20/05,10/22/05,1929,nan,nan,1.97,nan,nan,-2.62,nan,nan,nan,0
2005,,P1,4/20/05,10/22/05,1822,nan,nan,1.91,nan,nan,-2.91,nan,nan,nan,0
2005,,E,4/21/05,10/19/05,1717,nan,nan,1.32,nan,nan,-5.02,nan,nan,nan,0
2006,,A,4/24/06,10/20/06,2048,nan,nan,2.55,nan,nan,-0.92,nan,nan,nan,0.05
2006,,B,4/23/06,10/20/06,2010,nan,nan,2.76,nan,nan,0.08,nan,nan,nan,0.13
2006,,C,4/24/06,10/20/06,1928,nan,nan,2.48,nan,nan,-1.4,nan,nan,nan,0.08
2006,,P1,4/26/06,10/20/06,1821,nan,nan,2.6,nan,nan,-1.79,nan,nan,nan,0
2006,,E,4/25/06,9/24/06,1714,nan,nan,2.15,nan,nan,-3.03,nan,nan,nan,0
2006,,F,4/25/06,10/20/06,1675,nan,nan,1.02,nan,nan,-6.13,nan,nan,nan,0
2007,,B,5/11/07,10/14/07,2009,nan,nan,3.89,nan,nan,1.25,0,nan,nan,0.45
2007,,A,5/12/07,10/14/07,2047,nan,nan,3.4,nan,nan,0.6,0,nan,nan,0.4
2007,,C,5/15/07,8/22/07,1927,nan,nan,3.4,nan,nan,0.76,nan,nan,nan,0
2007,,P1,5/15/07,10/14/07,1819,nan,nan,3.16,nan,nan,-0.26,0,nan,nan,0.29
2007,,E,5/15/07,5/15/07,1711,nan,nan,2.69,nan,nan,-1.15,nan,nan,nan,0
2007,,F,5/15/07,10/14/07,1669,nan,nan,1.5,nan,nan,-4.68,nan,nan,nan,0
2008,,A,5/10/08,10/22/08,2047,nan,nan,3.05,nan,nan,0.11,0,nan,nan,0.29
2008,,B,5/10/08,10/22/08,2009,nan,nan,3.72,nan,nan,1.27,0,nan,nan,0.29
2008,,C,5/10/08,10/22/08,1926,nan,nan,3.27,nan,nan,0.29,0,nan,nan,0.28
2008,,P1,5/13/08,10/22/08,1818,nan,nan,3.13,nan,nan,-0.16,0,nan,nan,0.23
2008,,E,5/13/08,9/10/08,1708,nan,nan,2.63,nan,nan,-1.68,nan,nan,nan,0
2008,,F,5/13/08,10/22/08,1664,nan,nan,1.1,nan,nan,-5.62,0,nan,nan,0.05
2009,,A,5/22/09,10/20/09,2046,nan,nan,2.66,nan,nan,-1.47,0,nan,nan,0.09
2009,,B,5/22/09,10/20/09,2008,nan,nan,3.19,nan,nan,-0.06,0,nan,nan,0.15
2009,,C,5/22/09,10/20/09,1925,nan,nan,2.66,nan,nan,-1.54,0,nan,nan,0.03
2009,,P1,5/23/09,10/20/09,1817,nan,nan,2.38,nan,nan,-2.46,nan,nan,nan,0
2009,,E,5/24/09,10/20/09,1705,nan,nan,1.86,nan,nan,-4.28,nan,nan,nan,0
2009,,F,5/24/09,10/20/09,1653,nan,nan,1.32,nan,nan,-6.24,nan,nan,nan,0
2010,,A,5/13/10,11/4/10,2045,nan,nan,2.72,nan,nan,0.3,0,nan,nan,0.36
2010,,B,5/13/10,11/4/10,2008,nan,nan,3.07,nan,nan,1.01,0,nan,nan,0.43
2010,,C,5/13/10,11/4/10,1924,nan,nan,2.64,nan,nan,-0.13,0,nan,nan,0.24
2010,,P1,5/14/10,11/4/10,1816,nan,nan,2.32,nan,nan,-1.24,0,nan,nan,0.22
2010,,E,5/14/10,9/14/10,1703,nan,nan,2.11,nan,nan,-2.06,nan,nan,nan,0
2010,,F,5/14/10,11/4/10,1665,nan,nan,0.91,nan,nan,-5.72,nan,nan,nan,0
2011,,A,6/4/11,10/18/11,2044,nan,nan,3.69,nan,nan,1.6,0,nan,nan,0.27
2011,,B,6/4/11,10/18/11,2007,nan,nan,3.84,nan,nan,2.45,0,nan,nan,0.36
2011,,C,6/4/11,10/18/11,1924,nan,nan,3.44,nan,nan,1.46,0,nan,nan,0.31
2011,,P1,6/4/11,10/18/11,1815,nan,nan,3.54,nan,nan,1.23,0,nan,nan,0.37
2011,,E,6/5/11,9/29/11,1700,nan,nan,2.33,nan,nan,-1.69,nan,nan,nan,0
2011,,F,6/6/11,9/14/11,1671,nan,nan,1.22,nan,nan,-2.97,nan,nan,nan,0
2012,,A,5/7/12,10/12/12,2043,nan,nan,3.69,nan,nan,0.64,nan,nan,nan,0
2012,,B,5/7/12,10/12/12,2007,nan,nan,4.14,nan,nan,1.37,nan,nan,nan,0
2012,,C,5/7/12,10/12/12,1923,nan,nan,3.5,nan,nan,0.39,nan,nan,nan,0
2012,,P1,5/8/12,10/12/12,1814,nan,nan,3.29,nan,nan,0.06,nan,nan,nan,0
2012,,E,5/8/12,9/19/12,1698,nan,nan,2.71,nan,nan,-2.11,nan,nan,nan,0
2012,,F,5/8/12,9/19/12,1677,nan,nan,1.57,nan,nan,-6.41,nan,nan,nan,0
2013,,A,5/2/13,10/21/13,2042,nan,nan,3.55,nan,nan,-0.43,nan,nan,nan,0
2013,,B,5/2/13,10/21/13,2006,nan,nan,4,nan,nan,1.78,nan,nan,nan,0
2013,,C,5/3/13,10/22/13,1923,nan,nan,3,nan,nan,-0.72,nan,nan,nan,0
2013,,P1,5/4/13,10/21/13,1813,nan,nan,2.9,nan,nan,-1.43,nan,nan,nan,0
2013,,E,5/4/13,7/23/13,1695,nan,nan,2.34,nan,nan,-0.31,nan,nan,nan,0
2013,,F,5/5/13,7/23/13,1671,nan,nan,1.82,nan,nan,-3.15,nan,nan,nan,0
2014,,A,5/14/14,10/8/14,2041,nan,nan,3.57,nan,nan,nan,nan,nan,nan,0
2014,,B,5/14/14,10/8/14,2006,nan,nan,4.17,nan,nan,0.78,nan,nan,nan,0
2014,,C,5/14/14,10/8/14,1922,nan,nan,3.92,nan,nan,0.32,nan,nan,nan,0
2014,,P1,5/14/14,10/8/14,1812,nan,nan,3.13,nan,nan,-0.8,nan,nan,nan,0
2014,,E,5/14/14,10/8/14,1693,nan,nan,2.53,nan,nan,-3.2,nan,nan,nan,0
2014,,F,5/14/14,10/8/14,1663,nan,nan,1.7,nan,nan,-6.32,nan,nan,nan,0
2015,,A,5/29/15,9/30/15,2041,nan,nan,2.35,nan,nan,-2.42,nan,nan,nan,0
2015,,B,5/29/15,9/30/15,2006,nan,nan,3.87,nan,nan,0,nan,nan,nan,0
2015,,C,5/29/15,8/19/15,1922,nan,nan,1.98,nan,nan,-2.62,nan,nan,nan,0
2015,,P1,5/29/15,9/30/15,1811,nan,nan,1.71,nan,nan,-3.62,nan,nan,nan,0
2015,,E,5/30/15,9/30/15,1691,nan,nan,0.5,nan,nan,-7.2,nan,nan,nan,0
2016,,A,4/27/16,10/11/16,2040,nan,nan,3.35,nan,nan,-0.32,nan,nan,nan,0.08
2016,,B,4/27/16,10/11/16,2005,nan,nan,3.7,nan,nan,1.92,nan,nan,nan,0.09
2016,,C,4/27/16,10/11/16,1921,nan,nan,2.86,nan,nan,-0.76,nan,nan,nan,0.05
2016,,P1,4/28/16,10/11/16,1810,nan,nan,2.41,nan,nan,-1.57,nan,nan,nan,0.01
2016,,E,4/28/16,10/11/16,1688,nan,nan,3.27,nan,nan,-4.27,nan,nan,nan,0.05
2017,,A,4/23/17,10/4/17,2039,nan,nan,3.76,nan,nan,-0.07,0,nan,nan,0.09
2017,,B,4/23/17,10/4/17,2005,nan,nan,5.07,nan,nan,1.6,0,nan,nan,0.08
2017,,C,4/23/17,10/4/17,1920,nan,nan,3.76,nan,nan,-0.49,0,nan,nan,0.08
2017,,P1,4/24/17,10/3/17,1809,nan,nan,3.52,nan,nan,-1.02,0,nan,nan,0.05
2017,,E,4/25/17,10/5/17,1686,nan,nan,2.92,nan,nan,-4.28,0,nan,nan,0.03
2018,,A,4/20/18,9/28/18,2039,nan,nan,3.81,nan,nan,-0.49,nan,nan,nan,0
2018,,B,4/23/18,9/28/18,2005,nan,nan,4.01,nan,nan,0.64,nan,nan,nan,0
2018,,C,4/24/18,9/27/18,1919,nan,nan,4.07,nan,nan,-0.34,nan,nan,nan,0
2018,,P1,4/25/18,9/27/18,1808,nan,nan,3.59,nan,nan,-1.05,nan,nan,nan,0
2018,,E,4/25/18,9/27/18,1683,nan,nan,3.05,nan,nan,-4.25,nan,nan,nan,0
2019,,A,6/1/19,10/12/19,2038,nan,nan,1.99,nan,nan,-2.02,0,nan,nan,0.22
2019,,B,5/31/19,10/12/19,2004,nan,nan,2.63,nan,nan,-0.66,0,nan,nan,0.22
2019,,C,6/1/19,10/12/19,1918,nan,nan,1.74,nan,nan,-2.21,0,nan,nan,0.14
2019,,P1,6/2/19,10/10/19,1807,nan,nan,1.6,nan,nan,-2.45,0,nan,nan,0.14
2019,,E,6/2/19,10/10/19,1681,nan,nan,0.88,nan,nan,-5.05,0,nan,nan,0.14
2020,,A,nan,10/6/20,2037,nan,nan,nan,nan,nan,0,0,nan,nan,0
2020,,B,nan,10/6/20,2004,nan,nan,nan,nan,nan,1.6,0,nan,nan,0
2020,,C,nan,10/6/20,1917,nan,nan,nan,nan,nan,0,0,nan,nan,0
2020,,P1,nan,10/6/20,1806,nan,nan,nan,nan,nan,-0.65,0,nan,nan,0
2020,,E,nan,10/6/20,1678,nan,nan,nan,nan,nan,-3.71,0,nan,nan,0
2021,,A,4/29/21,10/4/21,2037,nan,nan,3.1,nan,nan,-1.05,nan,nan,nan,0.04
2021,,B,4/29/21,10/4/21,2004,nan,nan,3.42,nan,nan,0.11,nan,nan,nan,nan
2021,,C,4/29/21,10/4/21,1917,nan,nan,3.21,nan,nan,-1.36,nan,nan,nan,0.02
2021,,P1,4/29/21,10/4/21,1805,nan,nan,3.28,nan,nan,-1.86,nan,nan,nan,0
2021,,E,5/1/21,10/4/21,1676,nan,nan,2.7,nan,nan,-4.88,nan,nan,nan,0
2022,,A,6/8/22,10/4/22,2036,nan,nan,3.57,nan,nan,-0.59,nan,nan,nan,0
2022,,B,6/8/22,10/4/22,2003,nan,nan,4.32,nan,nan,0.77,nan,nan,nan,0
2022,,C,6/8/22,10/4/22,1916,nan,nan,3.35,nan,nan,-0.8,nan,nan,nan,0
2022,,P1,6/8/22,10/4/22,1804,nan,nan,2.68,nan,nan,-1.92,nan,nan,nan,0
2022,,E,6/8/22,10/5/22,1673,nan,nan,1.74,nan,nan,-5.31,nan,nan,nan,0
2023,,A,5/2/23,9/22/23,2035,nan,nan,2.85,nan,nan,-2.3,nan,nan,nan,0
2023,,BU,5/2/23,9/22/23,2018,nan,nan,3.04,nan,nan,-1.75,nan,nan,nan,0
2023,,B,5/2/23,9/22/23,2003,nan,nan,3.26,nan,nan,-0.77,-0.03,nan,nan,0
2023,,C,5/2/23,9/22/23,1915,nan,nan,2.7,nan,nan,-2.31,nan,nan,nan,0
2023,,P1,5/2/23,9/22/23,1803,nan,nan,2.53,nan,nan,-2.84,nan,nan,nan,0
2023,,EU,5/2/23,9/22/23,1793,nan,nan,2.22,nan,nan,-3.36,nan,nan,nan,0
2024,,A,6/12/24,9/24/24,2035,4.3,537,2.31,0,nan,-1.63,-0.35,0,nan,0
2024,,BU,6/12/24,9/24/24,2017,4.92,nan,2.64,0,nan,-0.72,-0.28,0,nan,0
2024,,B,6/12/24,9/24/24,2003,4.7,nan,2.52,0,nan,-0.37,nan,0,nan,0
2024,,C,6/12/24,9/24/24,1914,4.14,nan,2.22,0,nan,-1.58,-0.5,0,nan,0
2024,,P1,6/12/24,9/24/24,1802,3.32,541,1.8,0,nan,-2.37,-0.53,0,nan,0
2024,,EU,6/12/24,9/24/24,1791,3.38,nan,1.83,0,nan,-2.13,nan,0,nan,0
2025,,A,6/3/25,8/31/25,2034,4.15,593,2.46,0,nan,-1.95,nan,0,nan,0
2025,,BU,6/3/25,8/31/25,2017,4.44,nan,2.64,0,nan,-1,nan,0,nan,0
2025,,B,6/3/25,8/31/25,2002,4.74,nan,2.82,0,nan,-0.54,nan,0,nan,0
2025,,C,6/3/25,8/31/25,1913,3.93,nan,2.33,0,nan,-2,nan,0,nan,0
2025,,P1,6/3/25,8/31/25,1801,3.09,597,1.84,0,nan,-2.58,nan,0,nan,0
2025,,EU,6/3/25,8/31/25,1790,2.65,nan,1.58,0,nan,-2.55,nan,0,nan,0
,,,,,,,,,,,,,,,
,Sperry,,,,,,,,,,,,,,
2005,,A,6/25/05,9/9/05,2374,nan,nan,2.05,nan,nan,-1.45,nan,nan,nan,0
2005,,C,6/25/05,9/9/05,2449,nan,nan,2.42,nan,nan,-0.88,nan,nan,nan,0
2005,,D,6/26/05,9/9/05,2538,nan,nan,2.63,nan,nan,-0.37,nan,nan,nan,0
2005,,G,7/14/05,9/9/05,2477,nan,nan,nan,nan,nan,-0.88,nan,nan,nan,0
2006,,A,6/8/06,9/28/06,2373,nan,nan,2.68,nan,nan,-1.28,nan,nan,nan,0.01
2006,,C,6/8/06,9/28/06,2449,nan,nan,2.88,nan,nan,-0.96,nan,nan,nan,0.02
2006,,D,6/8/06,9/28/06,2538,nan,nan,3.6,nan,nan,nan,nan,nan,nan,nan
2006,,E,6/8/06,9/28/06,2445,nan,nan,1.93,nan,nan,-1.63,nan,nan,nan,0.02
2006,,G,6/8/06,9/28/06,2477,nan,nan,2.58,nan,nan,-0.61,nan,nan,nan,0.03
2007,,A,5/26/07,9/9/07,2373,nan,nan,nan,nan,nan,-1.78,0,nan,nan,0.01
2007,,B,5/26/07,9/9/07,2323,nan,nan,nan,nan,nan,-1.74,0,nan,nan,0.01
2007,,C,5/26/07,9/8/07,2449,nan,nan,2.18,nan,nan,-2.07,0,nan,nan,0
2007,,D,5/26/07,9/8/07,2538,nan,nan,3,nan,nan,-0.66,0,nan,nan,0.04
2007,,E,5/26/07,9/9/07,2445,nan,nan,1.56,nan,nan,nan,0,nan,nan,nan
2007,,F,5/26/07,9/9/07,2345,nan,nan,2.5,nan,nan,-1.36,0,nan,nan,0.01
2007,,G,5/26/07,9/8/07,2478,nan,nan,nan,nan,nan,-1.91,0,nan,nan,0.01
2008,,A,6/16/08,9/11/08,2373,nan,nan,2.71,nan,nan,0.33,0,nan,nan,0.01
2008,,B,6/16/08,9/10/08,2322,nan,nan,2.99,nan,nan,0.62,0,nan,nan,0.01
2008,,C,6/16/08,9/11/08,2449,nan,nan,3.13,nan,nan,0.83,0,nan,nan,0.02
2008,,D,6/16/08,9/12/08,2539,nan,nan,3.77,nan,nan,1.9,0,nan,nan,0.03
2008,,E,6/16/08,9/12/08,2446,nan,nan,2.11,nan,nan,-0.3,0,nan,nan,0.02
2008,,F,6/16/08,9/10/08,2345,nan,nan,3.22,nan,nan,1.07,0,nan,nan,0.01
2008,,G,6/16/08,9/11/08,2479,nan,nan,2.99,nan,nan,0.99,0,nan,nan,0.02
2009,,A,6/16/09,9/18/09,2373,nan,nan,2.03,nan,nan,-1.76,0,nan,nan,0
2009,,B,6/16/09,9/18/09,2321,nan,nan,2.14,nan,nan,-1.7,0,nan,nan,0
2009,,D,6/17/09,9/18/09,2539,nan,nan,3.88,nan,nan,0.15,0,nan,nan,0
2009,,E,6/16/09,9/18/09,2446,nan,nan,1.23,nan,nan,-2.4,0,nan,nan,0
2009,,F,6/16/09,9/18/09,2345,nan,nan,2.29,nan,nan,-1.91,0,nan,nan,0
2009,,G,6/17/09,9/18/09,2479,nan,nan,2.14,nan,nan,-2.09,0,nan,nan,0
2010,,A,6/23/10,10/2/10,2373,nan,nan,2.36,nan,nan,-0.84,nan,nan,nan,0
2010,,B,6/23/10,10/2/10,2321,nan,nan,2.29,nan,nan,-0.9,nan,nan,nan,0
2010,,C,6/23/10,10/2/10,2449,nan,nan,3.17,nan,nan,0.16,nan,nan,nan,0
2010,,D,6/23/10,10/2/10,2540,nan,nan,3.75,nan,nan,1.12,nan,nan,nan,0
2010,,E,6/23/10,10/2/10,2446,nan,nan,2.81,nan,nan,-0.27,nan,nan,nan,0
2010,,F,6/23/10,10/2/10,2344,nan,nan,2.66,nan,nan,-0.12,nan,nan,nan,0
2010,,G,6/23/10,10/2/10,2480,nan,nan,2.72,nan,nan,-0.06,nan,nan,nan,0
2011,,A,6/24/11,10/3/11,2373,nan,nan,3.79,nan,nan,0.02,nan,nan,nan,0
2011,,B,6/24/11,10/3/11,2320,nan,nan,3.85,nan,nan,0.37,nan,nan,nan,0
2011,,C,6/24/11,10/3/11,2449,nan,nan,4.37,nan,nan,0.8,nan,nan,nan,0
2011,,D,6/24/11,10/3/11,2540,nan,nan,5.99,nan,nan,2.9,nan,nan,nan,0
2011,,E,6/24/11,10/3/11,2447,nan,nan,3.3,nan,nan,0,nan,nan,nan,0
2011,,F,6/24/11,10/3/11,2344,nan,nan,3.45,nan,nan,0.16,nan,nan,nan,0
2011,,G,6/24/11,10/3/11,2481,nan,nan,4.25,nan,nan,0.93,nan,nan,nan,0
2012,,A,6/28/12,10/1/12,2373,nan,nan,2.99,nan,nan,-0.89,nan,nan,nan,0
2012,,B,6/28/12,10/1/12,2319,nan,nan,2.96,nan,nan,-0.59,nan,nan,nan,0
2012,,C,6/28/12,10/1/12,2449,nan,nan,3.75,nan,nan,0.12,nan,nan,nan,0
2012,,D,6/28/12,10/1/12,2541,nan,nan,5.36,nan,nan,2.07,nan,nan,nan,0
2012,,E,6/28/12,10/1/12,2447,nan,nan,2.45,nan,nan,-1.33,nan,nan,nan,0
2012,,F,6/28/12,10/1/12,2344,nan,nan,3.6,nan,nan,0.06,nan,nan,nan,0
2012,,G,6/28/12,10/1/12,2481,nan,nan,3.91,nan,nan,0.65,nan,nan,nan,0
2013,,A,6/11/13,9/27/13,2373,nan,nan,2.93,nan,nan,-1.9,nan,nan,nan,0.06
2013,,B,6/11/13,9/27/13,2318,nan,nan,2.99,nan,nan,-1.61,nan,nan,nan,0.03
2013,,C,6/11/13,9/27/13,2449,nan,nan,2.93,nan,nan,-1.95,nan,nan,nan,0.08
2013,,D,6/11/13,9/27/13,2541,nan,nan,4.28,nan,nan,0.43,nan,nan,nan,0.08
2013,,E,6/11/13,9/27/13,2447,nan,nan,2.6,nan,nan,-2.27,nan,nan,nan,0.08
2013,,F,6/11/13,9/27/13,2344,nan,nan,3.08,nan,nan,-1.23,nan,nan,nan,0.07
2013,,G,6/11/13,9/27/13,2482,nan,nan,2.93,nan,nan,-1.47,nan,nan,nan,0.07
2014,,A,6/11/14,9/18/14,2373,nan,nan,2.99,nan,nan,-0.38,0,nan,nan,0
2014,,B,6/11/14,9/18/14,2318,nan,nan,3.01,nan,nan,-0.11,0,nan,nan,0
2014,,C,6/11/14,9/18/14,2450,nan,nan,2.63,nan,nan,-0.82,0,nan,nan,0
2014,,D,6/11/14,9/18/14,2542,nan,nan,4.38,nan,nan,1.31,0,nan,nan,0
2014,,E,6/11/14,9/18/14,2448,nan,nan,2.04,nan,nan,-1.37,0,nan,nan,0
2014,,F,6/11/14,9/18/14,2344,nan,nan,2.82,nan,nan,-0.31,0,nan,nan,0
2014,,G,6/11/14,9/18/14,2483,nan,nan,2.83,nan,nan,-0.05,0,nan,nan,0
2015,,A,5/25/15,9/22/15,2372,nan,nan,2.46,nan,nan,-1.88,nan,nan,nan,0
2015,,B,5/25/15,9/22/15,2317,nan,nan,2.34,nan,nan,-2.02,nan,nan,nan,0
2015,,C,5/25/15,9/22/15,2450,nan,nan,2.92,nan,nan,-1.99,nan,nan,nan,0
2015,,D,5/25/15,9/22/15,2542,nan,nan,3.25,nan,nan,-0.4,nan,nan,nan,0
2015,,E,5/25/15,9/22/15,2448,nan,nan,1.99,nan,nan,-2.63,nan,nan,nan,0
2015,,F,5/25/15,9/22/15,2343,nan,nan,2.37,nan,nan,-2,nan,nan,nan,0
2015,,G,5/25/15,9/22/15,2483,nan,nan,2.57,nan,nan,-1.56,nan,nan,nan,0
2015,,Z,5/25/15,9/22/15,2583,nan,nan,4.22,nan,nan,0.89,nan,nan,nan,0
2016,,A,5/13/16,9/20/16,2372,nan,nan,2.02,nan,nan,-0.64,nan,nan,nan,0.05
2016,,B,5/13/16,9/20/16,2316,nan,nan,2.3,nan,nan,-0.81,nan,nan,nan,0.01
2016,,C,5/13/16,9/20/16,2450,nan,nan,2.48,nan,nan,-0.2,nan,nan,nan,0.06
2016,,D,5/12/16,9/20/16,2542,nan,nan,3.17,nan,nan,nan,nan,nan,nan,nan
2016,,E,5/12/16,9/20/16,2448,nan,nan,1.63,nan,nan,-1.05,nan,nan,nan,0.04
2016,,F,5/13/16,9/20/16,2343,nan,nan,2.31,nan,nan,-0.4,nan,nan,nan,0.01
2016,,G,5/13/16,9/20/16,2484,nan,nan,2.22,nan,nan,-0.01,nan,nan,nan,0.07
2016,,Z,5/12/16,9/20/16,2584,nan,nan,4.08,nan,nan,2.49,nan,nan,nan,0.14
2017,,A,5/9/17,9/12/17,2372,nan,nan,2.96,nan,nan,-1.73,0,nan,nan,0
2017,,B,5/9/17,9/12/17,2315,nan,nan,3.52,nan,nan,-0.9,0,nan,nan,0
2017,,C,5/9/17,9/12/17,2450,nan,nan,3.65,nan,nan,-0.7,0,nan,nan,0
2017,,E,5/9/17,9/12/17,2449,nan,nan,2.76,nan,nan,-2.08,0,nan,nan,0
2017,,F,5/9/17,9/12/17,2343,nan,nan,3.15,nan,nan,-1.14,0,nan,nan,0
2017,,G,5/9/17,9/12/17,2485,nan,nan,4.05,nan,nan,0.09,0,nan,nan,0
2017,,Z,5/9/17,9/12/17,2585,nan,nan,5.6,nan,nan,1.87,0,nan,nan,0
2018,,A,5/15/18,9/18/18,2372,nan,nan,2.86,nan,nan,-1.25,nan,nan,nan,0.01
2018,,B,5/15/18,9/18/18,2314,nan,nan,3.22,nan,nan,-0.98,nan,nan,nan,0
2018,,C,5/15/18,9/18/18,2450,nan,nan,2.83,nan,nan,-1.17,nan,nan,nan,0.05
2018,,E,5/15/18,9/18/18,2449,nan,nan,2.43,nan,nan,-1.32,nan,nan,nan,0.01
2018,,F,5/15/18,9/18/18,2343,nan,nan,2.4,nan,nan,-1.55,nan,nan,nan,0.05
2018,,G,5/15/18,9/18/18,2485,nan,nan,2.63,nan,nan,-0.6,nan,nan,nan,0.03
2018,,Z,5/15/18,9/18/18,2585,nan,nan,5.94,nan,nan,2.91,nan,nan,nan,0.02
2019,,A,5/14/19,9/25/19,2372,nan,nan,2.12,nan,nan,-2.3,nan,nan,nan,0
2019,,C,5/14/19,9/25/19,2450,nan,nan,2.23,nan,nan,-1.94,nan,nan,nan,0
2019,,E,5/14/19,9/25/19,2449,nan,nan,1.62,nan,nan,-3.2,nan,nan,nan,0.01
2019,,F,5/14/19,9/25/19,2342,nan,nan,1.6,nan,nan,-2.43,nan,nan,nan,0
2019,,G,5/14/19,9/25/19,2486,nan,nan,2.19,nan,nan,-2.2,nan,nan,nan,0
2019,,Z,5/14/19,9/25/19,2586,nan,nan,2.34,nan,nan,0.81,nan,nan,nan,0.02
2020,,A,6/2/20,9/23/20,2372,nan,nan,2.56,nan,nan,-1.28,nan,nan,nan,0
2020,,C,6/2/20,9/23/20,2450,nan,nan,2.47,nan,nan,-1.53,nan,nan,nan,0
2020,,E,6/2/20,9/23/20,2450,nan,nan,1.63,nan,nan,-3.46,nan,nan,nan,0
2020,,F,6/2/20,9/23/20,2342,nan,nan,2.78,nan,nan,-1.02,nan,nan,nan,0
2020,,G,6/2/20,9/23/20,2487,nan,nan,2.63,nan,nan,-0.03,nan,nan,nan,0
2020,,Z,6/2/20,9/23/20,2587,nan,nan,5.1,nan,nan,2.12,nan,nan,nan,0
2021,,Z,5/17/21,9/26/21,2587,nan,nan,4.21,nan,nan,0.09,nan,nan,nan,0.06
2021,,G,5/17/21,nan,2487,nan,nan,2.5,nan,nan,nan,nan,nan,nan,nan
2021,,F,5/17/21,nan,2342,nan,nan,2.67,nan,nan,nan,nan,nan,nan,nan
2021,,A,5/17/21,9/26/21,2372,nan,nan,2.42,nan,nan,-3.05,nan,nan,nan,0
2021,,C,5/17/21,9/26/21,2450,nan,nan,2.39,nan,nan,-2.91,nan,nan,nan,0
2021,,E,5/17/21,9/26/21,2450,nan,nan,1.26,nan,nan,-4,nan,nan,nan,0.02
2022,,Z,6/8/22,9/27/22,2588,nan,nan,3.15,nan,nan,1.37,nan,nan,nan,0.01
2022,,G,6/8/22,9/27/22,2488,nan,nan,3.02,nan,nan,-1.26,nan,nan,nan,0
2022,,F,6/8/22,9/27/22,2342,nan,nan,3.01,nan,nan,-1.46,nan,nan,nan,0
2022,,A,6/8/22,9/27/22,2372,nan,nan,3.17,nan,nan,-1.42,nan,nan,nan,0
2022,,C,6/8/22,9/27/22,2450,nan,nan,3.15,nan,nan,-0.64,nan,nan,nan,0
2022,,E,6/8/22,9/27/22,2450,nan,nan,1.97,nan,nan,-2.67,nan,nan,nan,0
2023,,Z,5/15/23,9/7/23,2589,nan,nan,4.91,nan,nan,0,-0.1,nan,nan,0
2023,,G,5/15/23,9/7/23,2489,nan,nan,2.16,nan,nan,-2.66,nan,nan,nan,0
2023,,F,5/15/23,9/7/23,2342,nan,nan,2.39,nan,nan,nan,nan,nan,nan,nan
2023,,A,5/15/23,9/7/23,2372,nan,nan,2.02,nan,nan,-4.21,nan,nan,nan,0
2023,,C,5/15/23,9/7/23,2451,nan,nan,1.75,nan,nan,-5.77,nan,nan,nan,0
2023,,E,5/15/23,9/7/23,2451,nan,nan,0.87,nan,nan,-4.77,nan,nan,nan,0
2024,,Y,6/25/24,9/9/24,2388,3.08,nan,1.83,0,nan,-2.21,nan,0,nan,0
2024,,A,6/25/24,9/9/24,2371,3.63,nan,2.16,0,nan,-1.84,nan,0,nan,0
2024,,E,6/25/24,9/9/24,2451,2.87,nan,1.7,0,nan,-1.93,nan,0,nan,0
2024,,C,6/25/24,9/9/24,2451,3.34,594,1.98,0,nan,-1.79,nan,0,nan,0
2024,,G,6/25/24,9/9/24,2489,3.65,nan,2.17,0,nan,-2.19,nan,0,nan,0
2024,,Z,6/25/24,9/9/24,2589,8.47,nan,5.03,3.1,615,1.91,nan,0,nan,0
2025,,Y,5/26/25,9/25/25,2388,4.73,nan,2.42,0,nan,-3.17,nan,0,nan,0
2025,,A,5/26/25,9/25/25,2371,4.63,nan,2.37,0,nan,-2.9,nan,0,nan,0
2025,,E,5/26/25,9/25/25,2451,3.02,nan,1.54,0,nan,-3.63,nan,0,nan,0
2025,,C,5/26/25,9/25/25,2451,3.41,511,1.74,0,nan,-3.88,nan,0,nan,0
2025,,G,5/26/25,9/25/25,2490,4.17,nan,2.13,0,nan,-2.63,nan,0,nan,0
2025,,Z,5/26/25,9/25/25,2590,nan,nan,nan,0,nan,nan,nan,0,nan,0
,,,,,,,,,,,,,,,
,Taku,,,,,,,,,,,,,,
1948,,TKG5,3/1/48,9/30/48,964,nan,nan,nan,nan,nan,nan,nan,nan,nan,0
1948,,TKG4,3/1/48,9/30/48,1063,nan,nan,nan,nan,nan,nan,nan,nan,nan,0
1948,,TR1,3/1/48,9/30/48,1195,nan,nan,nan,nan,nan,nan,nan,nan,nan,0
1948,,TR2,3/1/48,9/30/48,1269,nan,nan,nan,nan,nan,nan,nan,nan,nan,0
1948,,DG1,3/1/48,9/30/48,936,nan,nan,nan,nan,nan,nan,nan,nan,nan,0
1948,,DG2,3/1/48,9/30/48,1138,nan,nan,nan,nan,nan,nan,nan,nan,nan,0
1948,,DG3,3/1/48,9/30/48,1344,nan,nan,nan,nan,nan,nan,nan,nan,nan,0
1948,,C161,3/1/48,9/30/48,1496,nan,nan,nan,nan,nan,nan,nan,nan,nan,0
1948,,C163,3/1/48,9/30/48,1599,nan,nan,nan,nan,nan,nan,nan,nan,nan,0
1948,,NWB3,3/1/48,9/30/48,1394,nan,nan,nan,nan,nan,nan,nan,nan,nan,0
1948,,MG1,3/1/48,9/30/48,1355,nan,nan,nan,nan,nan,nan,nan,nan,nan,0
1948,,MG2,3/1/48,9/30/48,1772,nan,nan,nan,nan,nan,nan,nan,nan,nan,0
1948,,TSL_333,3/1/48,9/30/48,333,nan,nan,nan,nan,nan,nan,nan,nan,nan,nan
1948,,TSL_628,3/1/48,9/30/48,628,nan,nan,nan,nan,nan,nan,nan,nan,nan,nan
1948,,TSL_939,3/1/48,9/30/48,939,nan,nan,nan,nan,nan,nan,nan,nan,nan,nan
1949,,TKG4A,nan,8/14/49,1100,nan,nan,nan,nan,nan,2.48,nan,nan,nan,0
1950,,TKG4,nan,7/22/50,1065,nan,nan,nan,nan,nan,1.05,nan,nan,nan,0
1951,,TKG4,nan,6/7/51,1066,nan,nan,nan,nan,nan,1.87,nan,nan,nan,0
1952,,TKG4A,nan,8/23/52,1090,nan,nan,nan,nan,nan,0.85,nan,nan,nan,0
1952,,TKA3,nan,7/7/52,600,nan,nan,nan,nan,nan,0.39,nan,nan,nan,0
1952,,TKG4,nan,8/20/52,1067,nan,nan,nan,nan,nan,0.99,nan,nan,nan,0
1952,,TKA1,nan,7/9/52,838,nan,nan,nan,nan,nan,1.16,nan,nan,nan,0
1952,,TKA2,nan,7/9/52,746,nan,nan,nan,nan,nan,0.74,nan,nan,nan,0
1952,,C161,nan,8/13/52,1495,nan,nan,nan,nan,nan,1.32,nan,nan,nan,0
1952,,MG1,nan,8/13/52,1359,nan,nan,nan,nan,nan,1.35,nan,nan,nan,0
1952,,MG2,nan,7/15/52,1771,nan,nan,nan,nan,nan,2.42,nan,nan,nan,0
1953,,TKG4,nan,8/2/53,1068,nan,nan,nan,nan,nan,1.13,nan,nan,nan,0
1953,,NWB1,nan,7/31/53,1481,nan,nan,nan,nan,nan,1.79,nan,nan,nan,0
1953,,MG2,nan,8/1/53,1770,nan,nan,nan,nan,nan,2.79,nan,nan,nan,0
1961,,MG2,nan,9/13/61,1769,nan,nan,nan,nan,nan,2.94,nan,nan,nan,0
1962,,TKG5,nan,9/1/62,973,nan,nan,nan,nan,nan,1.07,nan,nan,nan,0
1962,,SWBJ,nan,8/22/62,975,nan,nan,nan,nan,nan,1.57,nan,nan,nan,0
1962,,IB1,nan,7/21/62,1067,nan,nan,nan,nan,nan,3.71,nan,nan,nan,0
1962,,TKG4,nan,7/20/62,1078,nan,nan,nan,nan,nan,2.34,nan,nan,nan,0
1962,,SWB1,nan,8/21/62,1178,nan,nan,nan,nan,nan,2.23,nan,nan,nan,0
1962,,TKG1,nan,8/23/62,1092,nan,nan,nan,nan,nan,2.34,nan,nan,nan,0
1962,,NWB1,nan,8/18/62,1487,nan,nan,nan,nan,nan,2.67,nan,nan,nan,0
1962,,MG1,nan,8/17/62,1371,nan,nan,nan,nan,nan,3.04,nan,nan,nan,0
1962,,MG2,nan,8/5/62,1769,nan,nan,nan,nan,nan,4.1,nan,nan,nan,0
1962,,MG6,nan,7/29/62,1874,nan,nan,nan,nan,nan,4.16,nan,nan,nan,0
1963,,TKG4,nan,8/9/63,1080,nan,nan,nan,nan,nan,1.73,nan,nan,nan,0
1963,,MG6,nan,8/30/63,1873,nan,nan,nan,nan,nan,3.25,nan,nan,nan,0
1964,,TKG4A,nan,8/2/64,1082,nan,nan,nan,nan,nan,2.42,nan,nan,nan,0
1964,,MG2,nan,7/22/64,1768,nan,nan,nan,nan,nan,3.52,nan,nan,nan,0
1968,,MG2,nan,7/5/68,1767,nan,nan,nan,nan,nan,2.83,nan,nan,nan,0
1971,,TKG4,nan,8/9/71,1089,nan,nan,nan,nan,nan,1.33,nan,nan,nan,0
1971,,MG1,nan,8/11/71,1382,nan,nan,nan,nan,nan,1.11,nan,nan,nan,0
1971,,MG2,nan,8/11/71,1767,nan,nan,nan,nan,nan,2.7,nan,nan,nan,0
1972,,TKG3,nan,8/11/72,1157,nan,nan,nan,nan,nan,1.51,nan,nan,nan,0
1972,,TKG4,nan,8/11/72,1090,nan,nan,nan,nan,nan,1.4,nan,nan,nan,0
1972,,MG1,nan,8/12/72,1384,nan,nan,nan,nan,nan,1.73,nan,nan,nan,0
1972,,MG2,nan,8/19/72,1766,nan,nan,nan,nan,nan,2.48,nan,nan,nan,0
1973,,TKG4,nan,7/7/73,1091,nan,nan,nan,nan,nan,1.76,nan,nan,nan,0
1973,,MG2,nan,8/2/73,1766,nan,nan,nan,nan,nan,2.9,nan,nan,nan,0
1977,,TKG4,nan,8/15/77,1095,nan,nan,nan,nan,nan,2.71,nan,nan,nan,0
1977,,MG1,nan,8/15/77,1390,nan,nan,nan,nan,nan,2.68,nan,nan,nan,0
1977,,MG2,nan,8/15/77,1765,nan,nan,nan,nan,nan,3.64,nan,nan,nan,0
1978,,TKG4,nan,7/27/78,1097,nan,nan,nan,nan,nan,1.09,nan,nan,nan,0
1978,,DG1,nan,7/12/78,985,nan,nan,nan,nan,nan,0.69,nan,nan,nan,0
1978,,MG1,nan,nan,1391,nan,nan,nan,nan,nan,1.35,nan,nan,nan,0
1978,,MG2,nan,8/6/78,1765,nan,nan,nan,nan,nan,2.07,nan,nan,nan,0
1979,,TKG4A,nan,7/21/79,1100,nan,nan,nan,nan,nan,1.66,nan,nan,nan,0
1979,,TKG4,nan,7/20/79,1098,nan,nan,nan,nan,nan,1.84,nan,nan,nan,0
1979,,TKG1,nan,7/21/79,1119,nan,nan,nan,nan,nan,1.36,nan,nan,nan,0
1979,,MG1,nan,7/23/79,1392,nan,nan,nan,nan,nan,1.6,nan,nan,nan,0
1979,,MG2,nan,7/28/79,1765,nan,nan,nan,nan,nan,2.84,nan,nan,nan,0
1981,,TKG5,nan,7/22/81,986,nan,nan,nan,nan,nan,1.73,nan,nan,nan,0
1981,,TKG3,nan,7/21/81,1174,nan,nan,nan,nan,nan,2.04,nan,nan,nan,0
1981,,MG1,nan,7/22/81,1394,nan,nan,nan,nan,nan,2.05,nan,nan,nan,0
1983,,TKG4,nan,7/22/83,1102,nan,nan,nan,nan,nan,0.88,nan,nan,nan,0
1983,,IB1,nan,7/18/83,1100,nan,nan,nan,nan,nan,0.88,nan,nan,nan,0
1983,,EXB,nan,7/21/83,1235,nan,nan,nan,nan,nan,0.96,nan,nan,nan,0
1983,,MG1,nan,8/14/83,1397,nan,nan,nan,nan,nan,1.21,nan,nan,nan,0
1983,,MG4,nan,8/12/83,1565,nan,nan,nan,nan,nan,1.98,nan,nan,nan,0
1983,,MG2,nan,8/11/83,1764,nan,nan,nan,nan,nan,2.15,nan,nan,nan,0
1983,,MG6,nan,8/10/83,1853,nan,nan,nan,nan,nan,2.42,nan,nan,nan,0
1984,,TKAC1,nan,7/21/84,930,nan,nan,nan,nan,nan,0.64,nan,nan,nan,0
1984,,TKA3,nan,7/21/84,750,nan,nan,nan,nan,nan,0.24,nan,nan,nan,0
1984,,TKG5,nan,7/21/84,988,nan,nan,nan,nan,nan,1.35,nan,nan,nan,0
1984,,TKG3,nan,7/22/84,1179,nan,nan,nan,nan,nan,1.69,nan,nan,nan,0
1984,,TKG4,nan,7/22/84,1103,nan,nan,nan,nan,nan,1.91,nan,nan,nan,0
1984,,TKG4A,nan,7/22/84,1110,nan,nan,nan,nan,nan,1.48,nan,nan,nan,0
1984,,TKG1,nan,7/26/84,1127,nan,nan,nan,nan,nan,1.7,nan,nan,nan,0
1984,,DG1,nan,7/25/84,995,nan,nan,nan,nan,nan,1.09,nan,nan,nan,0
1984,,SWB1,nan,7/18/84,1211,nan,nan,nan,nan,nan,2.54,nan,nan,nan,0
1984,,SWB2,nan,7/21/84,1099,nan,nan,nan,nan,nan,1.49,nan,nan,nan,0
1984,,NWB3,nan,7/24/84,1409,nan,nan,nan,nan,nan,2.06,nan,nan,nan,0
1984,,C161,nan,7/24/84,1489,nan,nan,nan,nan,nan,2.67,nan,nan,nan,0
1984,,MG1,nan,8/2/84,1398,nan,nan,nan,nan,nan,1.67,nan,nan,nan,0
1984,,MG5,nan,8/6/84,1831,nan,nan,nan,nan,nan,3.99,nan,nan,nan,0
1984,,MG2,nan,8/4/84,1764,nan,nan,nan,nan,nan,3.37,nan,nan,nan,0
1984,,MG6,nan,8/20/84,1852,nan,nan,nan,nan,nan,3.35,nan,nan,nan,0
1985,,TKG4,nan,7/18/85,1104,nan,nan,nan,nan,nan,2.98,nan,nan,nan,0
1985,,TKG5,nan,7/20/85,988,nan,nan,nan,nan,nan,2.23,nan,nan,nan,0
1985,,TKG1,nan,7/21/85,1129,nan,nan,nan,nan,nan,2.97,nan,nan,nan,0
1985,,MG1,nan,7/27/85,1399,nan,nan,nan,nan,nan,2.48,nan,nan,nan,0
1987,,TKG3,nan,7/27/87,1185,nan,nan,nan,nan,nan,1.93,nan,nan,nan,0
1987,,TKG4,nan,7/25/87,1107,nan,nan,nan,nan,nan,1.86,nan,nan,nan,0
1987,,TKG4A,nan,nan,1110,nan,nan,nan,nan,nan,1.57,nan,nan,nan,0
1987,,TKG8,nan,7/27/87,1279,nan,nan,nan,nan,nan,1.76,nan,nan,nan,0
1987,,MG1,nan,7/20/87,1402,nan,nan,nan,nan,nan,1.71,nan,nan,nan,0
1987,,MG2,nan,8/1/87,1763,nan,nan,nan,nan,nan,3.15,nan,nan,nan,0
1987,,MG6,nan,8/10/87,1849,nan,nan,nan,nan,nan,2.83,nan,nan,nan,0
1988,,TKG5,nan,8/2/88,990,nan,nan,nan,nan,nan,1.71,nan,nan,nan,0
1988,,TKG4,nan,7/30/88,1108,nan,nan,nan,nan,nan,2.01,nan,nan,nan,0
1988,,TKG4A,nan,8/1/88,1110,nan,nan,nan,nan,nan,2.05,nan,nan,nan,0
1988,,SWB1,nan,8/4/88,1217,nan,nan,nan,nan,nan,2.62,nan,nan,nan,0
1988,,MG1,nan,8/9/88,1403,nan,nan,nan,nan,nan,2.61,nan,nan,nan,0
1989,,TKG5,nan,8/2/89,991,nan,nan,nan,nan,nan,0.6,nan,nan,nan,0
1989,,TKG3,nan,8/6/89,1189,nan,nan,nan,nan,nan,0.53,nan,nan,nan,0
1989,,TKG4,nan,8/1/89,1109,nan,nan,nan,nan,nan,0.72,nan,nan,nan,0
1989,,TKG4A,nan,8/1/89,1110,nan,nan,nan,nan,nan,0.62,nan,nan,nan,0
1989,,TKG7,nan,8/10/89,1330,nan,nan,nan,nan,nan,0.8,nan,nan,nan,0
1989,,SWB1,nan,8/5/89,1218,nan,nan,nan,nan,nan,1.46,nan,nan,nan,0
1989,,SWB2,nan,8/11/89,1104,nan,nan,nan,nan,nan,0.5,nan,nan,nan,0
1989,,MG1,nan,8/13/89,1404,nan,nan,nan,nan,nan,0.29,nan,nan,nan,0
1989,,MG6,nan,8/14/89,1847,nan,nan,nan,nan,nan,1.41,nan,nan,nan,0
1990,,TKG6,nan,7/27/90,1212,nan,nan,nan,nan,nan,1.1,nan,nan,nan,0
1990,,TKG4,nan,8/1/90,1110,nan,nan,nan,nan,nan,1.02,nan,nan,nan,0
1990,,TKG8,nan,7/29/90,1281,nan,nan,nan,nan,nan,1,nan,nan,nan,0
1990,,NWB3,nan,7/25/90,1412,nan,nan,nan,nan,nan,1.4,nan,nan,nan,0
1990,,TKG3,nan,7/27/90,1191,nan,nan,nan,nan,nan,1.1,nan,nan,nan,0
1990,,IB1,nan,8/1/90,1095,nan,nan,nan,nan,nan,0.76,nan,nan,nan,0
1990,,DG1,nan,7/31/90,1005,nan,nan,nan,nan,nan,0.49,nan,nan,nan,0
1990,,DG2,nan,8/7/90,1180,nan,nan,nan,nan,nan,1.19,nan,nan,nan,0
1990,,SWB1,nan,7/24/90,1220,nan,nan,nan,nan,nan,1.77,nan,nan,nan,0
1990,,C161,nan,8/2/90,1488,nan,nan,nan,nan,nan,1.64,nan,nan,nan,0
1990,,C1611,nan,8/2/90,1471,nan,nan,nan,nan,nan,1.52,nan,nan,nan,0
1990,,NWB1,nan,8/3/90,1504,nan,nan,nan,nan,nan,1.44,nan,nan,nan,0
1990,,MG1,nan,7/29/90,1405,nan,nan,nan,nan,nan,1,nan,nan,nan,0
1990,,MG6,nan,8/22/90,1846,nan,nan,nan,nan,nan,1.93,nan,nan,nan,0
1990,,MG2,nan,8/23/90,1763,nan,nan,nan,nan,nan,2.23,nan,nan,nan,0
1991,,TKG5,nan,7/30/91,992,nan,nan,nan,nan,nan,0.93,nan,nan,nan,0
1991,,TKG4,nan,7/26/91,1111,nan,nan,nan,nan,nan,1.36,nan,nan,nan,0
1991,,TKG4A,nan,7/27/91,1110,nan,nan,nan,nan,nan,1.17,nan,nan,nan,0
1991,,TKG5A,nan,7/30/91,900,nan,nan,nan,nan,nan,0.51,nan,nan,nan,0
1991,,DG1,nan,7/31/91,1007,nan,nan,nan,nan,nan,1.2,nan,nan,nan,0
1991,,SWB1,nan,7/29/91,1221,nan,nan,nan,nan,nan,2.18,nan,nan,nan,0
1991,,SWB2,nan,7/29/91,1106,nan,nan,nan,nan,nan,1.3,nan,nan,nan,0
1991,,NWB1,nan,8/6/91,1504,nan,nan,nan,nan,nan,2.31,nan,nan,nan,0
1991,,C161,nan,8/6/91,1488,nan,nan,nan,nan,nan,2.82,nan,nan,nan,0
1991,,MG1,nan,8/9/91,1407,nan,nan,nan,nan,nan,1.37,nan,nan,nan,0
1991,,MG2,nan,8/11/91,1762,nan,nan,nan,nan,nan,2.59,nan,nan,nan,0
1991,,MG6,nan,8/12/91,1845,nan,nan,nan,nan,nan,2.65,nan,nan,nan,0
1995,,TKG4A,nan,7/23/95,1118,nan,nan,nan,nan,nan,0.94,nan,nan,nan,0
1995,,TKG4,nan,7/23/95,1116,nan,nan,nan,nan,nan,1.14,nan,nan,nan,0
1995,,TKG5,nan,7/23/95,995,nan,nan,nan,nan,nan,0.74,nan,nan,nan,0
1995,,TKG2,nan,7/24/95,1266,nan,nan,nan,nan,nan,1.23,nan,nan,nan,0
1995,,DG1,nan,7/28/95,1013,nan,nan,nan,nan,nan,0.73,nan,nan,nan,0
1995,,SWB2,nan,7/22/95,1109,nan,nan,nan,nan,nan,0.94,nan,nan,nan,0
1995,,NWB1,nan,7/30/95,1507,nan,nan,nan,nan,nan,1.18,nan,nan,nan,0
1995,,C161,nan,7/29/95,1487,nan,nan,nan,nan,nan,1.57,nan,nan,nan,0
1995,,MG1,nan,8/1/95,1411,nan,nan,nan,nan,nan,1.17,nan,nan,nan,0
1995,,MG3,nan,8/5/95,1790,nan,nan,nan,nan,nan,2.22,nan,nan,nan,0
1996,,TKG4A,nan,7/19/96,1110,nan,nan,nan,nan,nan,1.15,nan,nan,nan,0
1996,,TKG5,nan,7/24/96,996,nan,nan,nan,nan,nan,0.86,nan,nan,nan,0
1996,,TKG4,nan,7/25/96,1117,nan,nan,nan,nan,nan,1.11,nan,nan,nan,0
1996,,TKG2,nan,7/22/96,1268,nan,nan,nan,nan,nan,1.32,nan,nan,nan,0
1996,,SWB2,nan,7/21/96,1110,nan,nan,nan,nan,nan,1.02,nan,nan,nan,0
1996,,DG1,nan,7/24/96,1015,nan,nan,nan,nan,nan,0.7,nan,nan,nan,0
1996,,TKG7,nan,7/26/96,1339,nan,nan,nan,nan,nan,1.54,nan,nan,nan,0
1996,,MG3,nan,8/2/96,1790,nan,nan,nan,nan,nan,1.29,nan,nan,nan,0
1996,,MG1,nan,7/29/96,1413,nan,nan,nan,nan,nan,0.93,nan,nan,nan,0
1996,,MG2,nan,8/3/96,1761,nan,nan,nan,nan,nan,2.15,nan,nan,nan,0
1997,,TKG4A,nan,7/20/97,1110,nan,nan,nan,nan,nan,0.88,nan,nan,nan,0
1997,,TKG4,nan,7/23/97,1118,nan,nan,nan,nan,nan,1.05,nan,nan,nan,0
1997,,TKG8,nan,7/23/97,1285,nan,nan,nan,nan,nan,1.26,nan,nan,nan,0
1997,,TKG6,nan,7/25/97,1226,nan,nan,nan,nan,nan,0.98,nan,nan,nan,0
1997,,TKG2,nan,7/25/97,1270,nan,nan,nan,nan,nan,1.14,nan,nan,nan,0
1997,,SWB4,nan,7/21/97,1066,nan,nan,nan,nan,nan,0.96,nan,nan,nan,0
1997,,SWB2,nan,7/21/97,1111,nan,nan,nan,nan,nan,1.57,nan,nan,nan,0
1997,,NWB3,nan,7/27/97,1415,nan,nan,nan,nan,nan,1.48,nan,nan,nan,0
1997,,C161,nan,7/27/97,1487,nan,nan,nan,nan,nan,1.39,nan,nan,nan,0
1997,,MG1,nan,8/1/97,1414,nan,nan,nan,nan,nan,1.18,nan,nan,nan,0
1997,,MG2,nan,8/5/97,1761,nan,nan,nan,nan,nan,2.06,nan,nan,nan,0
1998,,TKG5,nan,7/29/98,997,nan,nan,nan,nan,nan,0.52,nan,nan,nan,0
1998,,TKG4,nan,7/22/98,1119,nan,nan,nan,nan,nan,1.09,nan,nan,nan,0
1998,,TKG4A,nan,7/20/98,1118,nan,nan,nan,nan,nan,1.03,nan,nan,nan,0
1998,,TR1,nan,7/23/98,1245,nan,nan,nan,nan,nan,1.27,nan,nan,nan,0
1998,,TKG3,nan,7/25/98,1206,nan,nan,nan,nan,nan,1.13,nan,nan,nan,0
1998,,TKG6,nan,7/25/98,1228,nan,nan,nan,nan,nan,1.1,nan,nan,nan,0
1998,,TKG7,nan,7/26/98,1341,nan,nan,nan,nan,nan,1.36,nan,nan,nan,0
1998,,C161,nan,7/26/98,1487,nan,nan,nan,nan,nan,1.5,nan,nan,nan,0
1998,,MG1,nan,8/2/98,1415,nan,nan,nan,nan,nan,0.94,nan,nan,nan,0
1998,,MG4,nan,8/1/98,1557,nan,nan,nan,nan,nan,0.99,nan,nan,nan,0
1998,,MG2,nan,8/5/98,1761,nan,nan,nan,nan,nan,1.76,nan,nan,nan,0
1999,,TKG4A,nan,7/19/99,1122,nan,nan,nan,nan,nan,1.71,nan,nan,nan,0
1999,,TKG4,nan,7/21/99,1120,nan,nan,nan,nan,nan,1.63,nan,nan,nan,0
1999,,TKG5,nan,7/24/99,998,nan,nan,nan,nan,nan,1.09,nan,nan,nan,0
1999,,DG1,nan,7/24/99,1020,nan,nan,nan,nan,nan,0.94,nan,nan,nan,0
1999,,TKG3,nan,7/27/99,1208,nan,nan,nan,nan,nan,1.34,nan,nan,nan,0
1999,,TKG14,nan,8/6/99,1322,nan,nan,nan,nan,nan,1.3,nan,nan,nan,0
1999,,TKG7,nan,nan,1342,nan,nan,nan,nan,nan,1.45,nan,nan,nan,0
1999,,SWB3,nan,7/23/99,1062,nan,nan,nan,nan,nan,1.38,nan,nan,nan,0
1999,,SWB4,nan,8/5/99,1077,nan,nan,nan,nan,nan,1.09,nan,nan,nan,0
1999,,C161,nan,7/28/99,1487,nan,nan,nan,nan,nan,2.23,nan,nan,nan,0
1999,,C163,nan,7/30/99,1594,nan,nan,nan,nan,nan,2.28,nan,nan,nan,0
1999,,NWB1,nan,7/30/99,1509,nan,nan,nan,nan,nan,2.07,nan,nan,nan,0
1999,,MG6,nan,8/10/99,1837,nan,nan,nan,nan,nan,2.75,nan,nan,nan,0
1999,,MG2,nan,8/12/99,1761,nan,nan,nan,nan,nan,2.67,nan,nan,nan,0
2000,,TKG5,nan,7/23/00,999,nan,nan,nan,nan,nan,2.1,nan,nan,nan,0
2000,,TKG4,nan,7/21/00,1122,nan,nan,nan,nan,nan,2.2,nan,nan,nan,0
2000,,TKG4A,nan,7/20/00,1117,nan,nan,nan,nan,nan,2.32,nan,nan,nan,0
2000,,TKG2,nan,8/2/00,1275,nan,nan,nan,nan,nan,2.62,nan,nan,nan,0
2000,,DG2,nan,7/29/00,1191,nan,nan,nan,nan,nan,1.82,nan,nan,nan,0
2000,,C161,nan,7/31/00,1487,nan,nan,nan,nan,nan,3.37,nan,nan,nan,0
2000,,MG1,nan,8/3/00,1418,nan,nan,nan,nan,nan,2.34,nan,nan,nan,0
2000,,MG6,nan,8/11/00,1836,nan,nan,nan,nan,nan,3.51,nan,nan,nan,0
2001,,TKG5,nan,7/27/01,998,nan,nan,nan,nan,nan,1.62,nan,nan,nan,0
2001,,TKG4,nan,7/19/01,1121,nan,nan,nan,nan,nan,1.89,nan,nan,nan,0
2001,,TKG6,nan,7/29/01,1232,nan,nan,nan,nan,nan,1.95,nan,nan,nan,0
2001,,DG1,nan,7/21/01,1022,nan,nan,nan,nan,nan,1.71,nan,nan,nan,0
2001,,C161,nan,7/23/01,1487,nan,nan,nan,nan,nan,2.73,nan,nan,nan,0
2002,,TKG6,nan,7/21/02,1232,nan,nan,nan,nan,nan,1.16,nan,nan,nan,0
2002,,TKG4,nan,7/20/02,1121,nan,nan,nan,nan,nan,1.19,nan,nan,nan,0
2002,,TKG5,nan,7/24/02,998,nan,nan,nan,nan,nan,0.9,nan,nan,nan,0
2002,,DG1,nan,7/25/02,1022,nan,nan,nan,nan,nan,0.92,nan,nan,nan,0
2002,,C161,nan,7/25/02,1487,nan,nan,nan,nan,nan,2.05,nan,nan,nan,0
2002,,MG1,nan,7/29/02,1417,nan,nan,nan,nan,nan,0.96,nan,nan,nan,0
2002,,MG2,nan,8/10/02,1760,nan,nan,nan,nan,nan,2.34,nan,nan,nan,0
2002,,MG6,nan,8/11/02,1835,nan,nan,nan,nan,nan,2.31,nan,nan,nan,0
2003,,TKG5,nan,7/20/03,998,nan,nan,nan,nan,nan,0.26,nan,nan,nan,0
2003,,TKG3,nan,7/21/03,1209,nan,nan,nan,nan,nan,0.6,nan,nan,nan,0
2003,,TKG4,nan,7/19/03,1121,nan,nan,nan,nan,nan,0.29,nan,nan,nan,0
2003,,TKG6,nan,7/26/03,1232,nan,nan,nan,nan,nan,0.45,nan,nan,nan,0
2003,,TKG1,nan,7/22/03,1152,nan,nan,nan,nan,nan,0.3,nan,nan,nan,0
2003,,TKG2,nan,7/23/03,1274,nan,nan,nan,nan,nan,0.65,nan,nan,nan,0
2003,,TKG8,nan,7/24/03,1288,nan,nan,nan,nan,nan,0.39,nan,nan,nan,0
2003,,DG1,nan,7/20/03,1022,nan,nan,nan,nan,nan,0.19,nan,nan,nan,0
2003,,C161,nan,7/29/03,1487,nan,nan,nan,nan,nan,1.07,nan,nan,nan,0
2003,,MG1,nan,7/31/03,1417,nan,nan,nan,nan,nan,0.47,nan,nan,nan,0
2003,,MG2,nan,8/6/03,1760,nan,nan,nan,nan,nan,1.95,nan,nan,nan,0
2003,,MG6,nan,8/7/03,1835,nan,nan,nan,nan,nan,1.51,nan,nan,nan,0
2004,,TKG5,nan,7/22/04,998,nan,nan,nan,nan,nan,0.9,nan,nan,nan,0
2004,,TKG3,nan,7/22/04,1209,nan,nan,nan,nan,nan,1.39,nan,nan,nan,0
2004,,TKG4,nan,7/20/04,1121,nan,nan,nan,nan,nan,1.17,nan,nan,nan,0
2004,,TKG6,nan,7/25/04,1232,nan,nan,nan,nan,nan,1.22,nan,nan,nan,0
2004,,TKG1,nan,7/20/04,1152,nan,nan,nan,nan,nan,1.08,nan,nan,nan,0
2004,,TKG2,nan,7/25/04,1274,nan,nan,nan,nan,nan,1.39,nan,nan,nan,0
2004,,TKG7,nan,7/27/04,1344,nan,nan,nan,nan,nan,1.51,nan,nan,nan,0
2004,,TKG8,nan,7/31/04,1288,nan,nan,nan,nan,nan,0.85,nan,nan,nan,0
2004,,DG1,nan,7/22/04,1022,nan,nan,nan,nan,nan,0.68,nan,nan,nan,0
2004,,DG2,nan,8/4/04,1190,nan,nan,nan,nan,nan,0.75,nan,nan,nan,0
2004,,DG3,nan,8/4/04,1363,nan,nan,nan,nan,nan,1.5,nan,nan,nan,0
2004,,SWB1,nan,7/20/04,1234,nan,nan,nan,nan,nan,1.88,nan,nan,nan,0
2004,,SWB2,nan,7/21/04,1112,nan,nan,nan,nan,nan,1.34,nan,nan,nan,0
2004,,NWB1,nan,7/26/04,1509,nan,nan,nan,nan,nan,2.46,nan,nan,nan,0
2004,,C161,nan,7/26/04,1487,nan,nan,nan,nan,nan,2.03,nan,nan,nan,0
2004,,MG1,nan,8/3/04,1417,nan,nan,nan,nan,nan,0.87,nan,nan,nan,0
2004,,MG2,nan,8/8/04,1760,nan,nan,nan,nan,nan,2.17,nan,nan,nan,0
2005,,TKG5,nan,7/25/05,997,nan,nan,nan,nan,nan,0.94,nan,nan,nan,0
2005,,TKG3,nan,7/24/05,1208,nan,nan,nan,nan,nan,1.68,nan,nan,nan,0
2005,,TKG4,nan,7/23/05,1121,nan,nan,nan,nan,nan,1.46,nan,nan,nan,0
2005,,TKG7,nan,8/2/05,1344,nan,nan,nan,nan,nan,1.61,nan,nan,nan,0
2005,,MG7,nan,8/4/05,1357,nan,nan,nan,nan,nan,1.26,nan,nan,nan,0
2005,,DG1,nan,7/25/05,1022,nan,nan,nan,nan,nan,0.97,nan,nan,nan,0
2005,,DG3,nan,8/10/05,1363,nan,nan,nan,nan,nan,1.73,nan,nan,nan,0
2005,,SWB2,nan,7/30/05,1112,nan,nan,nan,nan,nan,1.64,nan,nan,nan,0
2005,,NWB3,nan,8/2/05,1417,nan,nan,nan,nan,nan,1.55,nan,nan,nan,0
2005,,C161,nan,8/2/05,1487,nan,nan,nan,nan,nan,2.51,nan,nan,nan,0
2005,,MG2,nan,8/9/05,1760,nan,nan,nan,nan,nan,3,nan,nan,nan,0
2005,,MG4,nan,8/5/05,1557,nan,nan,nan,nan,nan,1.92,nan,nan,nan,0
2006,,TKG5,nan,7/25/06,997,nan,nan,nan,nan,nan,1.01,nan,nan,nan,0
2006,,TKG3,nan,7/22/06,1208,nan,nan,nan,nan,nan,1.88,nan,nan,nan,0
2006,,TKG4,nan,7/26/06,1121,nan,nan,nan,nan,nan,1.53,nan,nan,nan,0
2006,,TKG6,nan,7/27/06,1232,nan,nan,nan,nan,nan,1.68,nan,nan,nan,0
2006,,TKG2,nan,7/24/06,1274,nan,nan,nan,nan,nan,1.9,nan,nan,nan,0
2006,,DG1,nan,7/25/06,1022,nan,nan,nan,nan,nan,0.96,nan,nan,nan,0
2006,,SWB2,nan,7/30/06,1112,nan,nan,nan,nan,nan,1.62,nan,nan,nan,0
2006,,C161,nan,8/2/06,1487,nan,nan,nan,nan,nan,2.22,nan,nan,nan,0
2006,,MG2,nan,8/9/06,1760,nan,nan,nan,nan,nan,3.07,nan,nan,nan,0
2007,,TKG5,nan,7/20/07,997,nan,nan,nan,nan,nan,1.42,nan,nan,nan,0
2007,,TKG3,nan,7/22/07,1208,nan,nan,nan,nan,nan,1.8,nan,nan,nan,0
2007,,TKG4,nan,7/19/07,1120,nan,nan,nan,nan,nan,1.89,nan,nan,nan,0
2007,,TKG6,nan,7/23/07,1232,nan,nan,nan,nan,nan,1.75,nan,nan,nan,0
2007,,TKG7,nan,7/23/07,1344,nan,nan,nan,nan,nan,1.75,nan,nan,nan,0
2007,,TKG8,nan,7/23/07,1288,nan,nan,nan,nan,nan,1.4,nan,nan,nan,0
2007,,DG1,nan,7/20/07,1022,nan,nan,nan,nan,nan,1.25,nan,nan,nan,0
2007,,DG3,nan,8/3/07,1363,nan,nan,nan,nan,nan,1.87,nan,nan,nan,0
2007,,SWB2,nan,7/26/07,1111,nan,nan,nan,nan,nan,1.6,nan,nan,nan,0
2007,,NWB1,nan,7/29/07,1509,nan,nan,nan,nan,nan,2.11,nan,nan,nan,0
2007,,C161,nan,7/28/07,1487,nan,nan,nan,nan,nan,2.23,nan,nan,nan,0
2007,,MG1,nan,8/6/07,1417,nan,nan,nan,nan,nan,1.31,nan,nan,nan,0
2007,,MG2,nan,8/8/07,1760,nan,nan,nan,nan,nan,2.85,nan,nan,nan,0
2008,,TKG5,nan,7/16/08,997,nan,nan,nan,nan,nan,1.77,nan,nan,nan,0
2008,,TKG4,nan,7/14/08,1120,nan,nan,nan,nan,nan,1.97,nan,nan,nan,0
2008,,TKG6,nan,7/16/08,1232,nan,nan,nan,nan,nan,1.95,nan,nan,nan,0
2008,,TKG1,nan,7/20/08,1152,nan,nan,nan,nan,nan,2.02,nan,nan,nan,0
2008,,TKG7,nan,7/30/08,1344,nan,nan,nan,nan,nan,2.25,nan,nan,nan,0
2008,,DG1,nan,7/25/08,1022,nan,nan,nan,nan,nan,1.49,nan,nan,nan,0
2008,,DG3,nan,8/4/08,1363,nan,nan,nan,nan,nan,2.16,nan,nan,nan,0
2008,,MG1,nan,8/3/08,1417,nan,nan,nan,nan,nan,1.64,nan,nan,nan,0
2008,,MG2,nan,8/7/08,1760,nan,nan,nan,nan,nan,2.83,nan,nan,nan,0
2008,,LLG5,nan,8/12/08,1871,nan,nan,nan,nan,nan,3.13,nan,nan,nan,0
2009,,TKG5,nan,7/17/09,996,nan,nan,nan,nan,nan,1.31,nan,nan,nan,0
2009,,TKG4,nan,7/14/09,1120,nan,nan,nan,nan,nan,1.65,nan,nan,nan,0
2009,,TKG6,nan,7/16/09,1232,nan,nan,nan,nan,nan,1.67,nan,nan,nan,0
2009,,TKG7,nan,7/19/09,1344,nan,nan,nan,nan,nan,1.75,nan,nan,nan,0
2009,,DG1,nan,7/21/09,1022,nan,nan,nan,nan,nan,1.15,nan,nan,nan,0
2009,,DG3,nan,7/27/09,1363,nan,nan,nan,nan,nan,2.05,nan,nan,nan,0
2009,,C161,nan,7/29/09,1487,nan,nan,nan,nan,nan,1.93,nan,nan,nan,0
2009,,MG1,nan,7/18/09,1417,nan,nan,nan,nan,nan,1.43,nan,nan,nan,0
2009,,MG2,nan,8/9/09,1760,nan,nan,nan,nan,nan,2.24,nan,nan,nan,0
2009,,LLG5,nan,8/4/09,1871,nan,nan,nan,nan,nan,2.04,nan,nan,nan,0
2010,,TKG5,nan,7/19/10,996,nan,nan,nan,nan,nan,1.15,nan,nan,nan,0
2010,,TKG4,nan,7/17/10,1120,nan,nan,nan,nan,nan,1.61,nan,nan,nan,0
2010,,TKG6,nan,7/24/10,1232,nan,nan,nan,nan,nan,1.58,nan,nan,nan,0
2010,,TKG7,nan,7/25/10,1344,nan,nan,nan,nan,nan,1.72,nan,nan,nan,0
2010,,DG1,nan,7/20/10,1022,nan,nan,nan,nan,nan,1.2,nan,nan,nan,0
2010,,DG3,nan,7/30/10,1363,nan,nan,nan,nan,nan,1.76,nan,nan,nan,0
2010,,SWB2,nan,7/22/10,1110,nan,nan,nan,nan,nan,1.51,nan,nan,nan,0
2010,,NWB1,nan,7/26/10,1509,nan,nan,nan,nan,nan,2.08,nan,nan,nan,0
2010,,C161,nan,7/26/10,1487,nan,nan,nan,nan,nan,2.17,nan,nan,nan,0
2010,,MG1,nan,7/29/10,1417,nan,nan,nan,nan,nan,1.37,nan,nan,nan,0
2010,,MG2,nan,8/3/10,1760,nan,nan,nan,nan,nan,2.56,nan,nan,nan,0
2010,,LLG5,nan,8/4/10,1871,nan,nan,nan,nan,nan,2.69,nan,nan,nan,0
2011,,TKG5,nan,7/12/11,996,nan,nan,nan,nan,nan,1,nan,nan,nan,0
2011,,TKG3,nan,7/13/11,1207,nan,nan,nan,nan,nan,1.22,nan,nan,nan,0
2011,,TKG4,nan,7/11/11,1120,nan,nan,nan,nan,nan,1.27,nan,nan,nan,0
2011,,TKG7,nan,7/18/11,1344,nan,nan,nan,nan,nan,1.26,nan,nan,nan,0
2011,,TKG8,nan,7/22/11,1288,nan,nan,nan,nan,nan,1.23,nan,nan,nan,0
2011,,DG1,nan,7/13/11,1022,nan,nan,nan,nan,nan,0.88,nan,nan,nan,0
2011,,DG3,nan,7/25/11,1363,nan,nan,nan,nan,nan,1.41,nan,nan,nan,0
2011,,SWB2,nan,7/15/11,1110,nan,nan,nan,nan,nan,1.3,nan,nan,nan,0
2011,,NWB1,nan,7/19/11,1509,nan,nan,nan,nan,nan,1.93,nan,nan,nan,0
2011,,C161,nan,7/19/11,1487,nan,nan,nan,nan,nan,2.1,nan,nan,nan,0
2011,,MG1,nan,7/24/11,1417,nan,nan,nan,nan,nan,1.14,nan,nan,nan,0
2011,,MG2,nan,7/29/11,1760,nan,nan,nan,nan,nan,2.05,nan,nan,nan,0
2011,,LLG5,nan,7/30/11,1871,nan,nan,nan,nan,nan,2.22,nan,nan,nan,0
2012,,TKG5,nan,7/13/12,996,nan,nan,nan,nan,nan,2.66,nan,nan,nan,0
2012,,TKG3,nan,7/16/12,1207,nan,nan,nan,nan,nan,2.69,nan,nan,nan,0
2012,,TKG4,nan,7/12/12,1120,nan,nan,nan,nan,nan,2.66,nan,nan,nan,0
2012,,TKG7,nan,7/21/12,1344,nan,nan,nan,nan,nan,2.65,nan,nan,nan,0
2012,,DG1,nan,7/14/12,1022,nan,nan,nan,nan,nan,2.24,nan,nan,nan,0
2012,,DG3,nan,7/27/12,1363,nan,nan,nan,nan,nan,2.82,nan,nan,nan,0
2012,,SWB1,nan,7/19/12,1232,nan,nan,nan,nan,nan,3.28,nan,nan,nan,0
2012,,SWB2,nan,7/18/12,1110,nan,nan,nan,nan,nan,2.74,nan,nan,nan,0
2012,,NWB1,nan,7/22/12,1509,nan,nan,nan,nan,nan,3.44,nan,nan,nan,0
2012,,C161,nan,7/23/12,1487,nan,nan,nan,nan,nan,3.64,nan,nan,nan,0
2012,,MG1,nan,7/26/12,1417,nan,nan,nan,nan,nan,2.3,nan,nan,nan,0
2012,,MG2,nan,8/1/12,1760,nan,nan,nan,nan,nan,4.03,nan,nan,nan,0
2012,,LLG5,nan,8/5/12,1871,nan,nan,nan,nan,nan,3.81,nan,nan,nan,0
2013,,TKG5,nan,7/18/13,996,nan,nan,nan,nan,nan,0.94,nan,nan,nan,0
2013,,TKG2,nan,7/25/13,1273,nan,nan,nan,nan,nan,1.16,nan,nan,nan,0
2013,,TKG4,4/6/13,7/17/13,1120,nan,nan,1.98,nan,nan,1.24,nan,nan,nan,0
2013,,TKG1,nan,7/15/13,1152,nan,nan,nan,nan,nan,1.32,nan,nan,nan,0
2013,,TKG3,nan,7/16/13,1207,nan,nan,nan,nan,nan,1.27,nan,nan,nan,0
2013,,TKG7,nan,7/22/13,1344,nan,nan,nan,nan,nan,1.27,nan,nan,nan,0
2013,,DG1,nan,7/14/13,1022,nan,nan,nan,nan,nan,0.98,nan,nan,nan,0
2013,,DG3,nan,7/27/13,1363,nan,nan,nan,nan,nan,1.51,nan,nan,nan,0
2013,,SWB2,nan,7/20/13,1110,nan,nan,nan,nan,nan,1.37,nan,nan,nan,0
2013,,NWB1,nan,7/24/13,1509,nan,nan,nan,nan,nan,1.89,nan,nan,nan,0
2013,,C161,nan,7/24/13,1488,nan,nan,nan,nan,nan,1.99,nan,nan,nan,0
2013,,MG1,nan,7/26/13,1417,nan,nan,nan,nan,nan,1.24,nan,nan,nan,0
2013,,MG2,nan,7/31/13,1760,nan,nan,nan,nan,nan,2.6,nan,nan,nan,0
2013,,LLG5,nan,7/30/13,1871,nan,nan,nan,nan,nan,2.18,nan,nan,nan,0
2014,,TKGAC4,5/6/14,nan,235,nan,nan,0.73,nan,nan,nan,nan,nan,nan,0
2014,,TKGAC3,5/1/14,9/17/14,768,nan,nan,1.93,nan,nan,nan,nan,nan,nan,0
2014,,TKGAC1,5/1/14,9/17/14,800,nan,nan,1.85,nan,nan,nan,nan,nan,nan,0
2014,,TKG5,5/1/14,7/17/14,994,nan,nan,2.11,nan,nan,0.87,nan,nan,nan,0
2014,,TKG3,nan,7/18/14,1205,nan,nan,nan,nan,nan,1.17,nan,nan,nan,0
2014,,TKG4,5/1/14,7/16/14,1118,nan,nan,2.26,nan,nan,1.24,nan,nan,nan,0
2014,,TKG6,nan,7/19/14,1230,nan,nan,nan,nan,nan,1.28,nan,nan,nan,0
2014,,TKG1,nan,7/18/14,1150,nan,nan,nan,nan,nan,1.1,nan,nan,nan,0
2014,,TKG2,nan,7/22/14,1271,nan,nan,nan,nan,nan,1.35,nan,nan,nan,0
2014,,TKG7,nan,7/24/14,1342,nan,nan,nan,nan,nan,1.23,nan,nan,nan,0
2014,,TKG8,nan,7/19/14,1287,nan,nan,nan,nan,nan,1.16,nan,nan,nan,0
2014,,TKG10,nan,7/26/14,1321,nan,nan,nan,nan,nan,1.42,nan,nan,nan,0
2014,,TR1,nan,7/21/14,1245,nan,nan,nan,nan,nan,1.19,nan,nan,nan,0
2014,,TR2,nan,7/21/14,1327,nan,nan,nan,nan,nan,1.92,nan,nan,nan,0
2014,,DG1,nan,7/17/14,1020,nan,nan,nan,nan,nan,0.86,nan,nan,nan,0
2014,,DG2,nan,7/20/14,1186,nan,nan,nan,nan,nan,1.08,nan,nan,nan,0
2014,,DG3,nan,7/29/14,1361,nan,nan,nan,nan,nan,1.38,nan,nan,nan,0
2014,,SWB1,5/2/14,nan,1230,nan,nan,2.62,nan,nan,nan,nan,nan,nan,0
2014,,SWB2,nan,7/22/14,1107,nan,nan,nan,nan,nan,1.22,nan,nan,nan,0
2014,,NWB1,nan,7/25/14,1507,nan,nan,nan,nan,nan,1.78,nan,nan,nan,0
2014,,NWB3,nan,7/25/14,1416,nan,nan,nan,nan,nan,1.61,nan,nan,nan,0
2014,,C161,5/2/14,7/25/14,1486,nan,nan,2.61,nan,nan,1.85,nan,nan,nan,0
2014,,MG1,4/30/14,7/28/14,1415,nan,nan,1.97,nan,nan,1.02,nan,nan,nan,0
2014,,MG2,4/30/14,7/29/14,1759,nan,nan,2.59,nan,nan,2.25,nan,nan,nan,0
2014,,MG3,nan,8/2/14,1788,nan,nan,nan,nan,nan,2.28,nan,nan,nan,0
2014,,MG4,nan,8/1/14,1555,nan,nan,nan,nan,nan,1.77,nan,nan,nan,0
2014,,MG5,nan,8/7/14,1831,nan,nan,nan,nan,nan,2.11,nan,nan,nan,0
2014,,MG6,nan,8/4/14,1834,nan,nan,nan,nan,nan,2.3,nan,nan,nan,0
2014,,LLG5,nan,8/1/14,1871,nan,nan,nan,nan,nan,2.29,nan,nan,nan,0
2015,,TKG5,nan,7/19/15,992,nan,nan,nan,nan,nan,0.47,nan,nan,nan,0
2015,,TKG3,4/2/15,7/18/15,1204,nan,nan,1.98,nan,nan,0.96,nan,nan,nan,0
2015,,TKG4,4/1/15,7/17/15,1116,nan,nan,1.95,nan,nan,0.91,nan,nan,nan,0
2015,,TKG2,nan,7/24/15,1270,nan,nan,nan,nan,nan,1.11,nan,nan,nan,0
2015,,TKG6,nan,7/26/15,1229,nan,nan,nan,nan,nan,0.93,nan,nan,nan,0
2015,,TKG7,nan,7/22/15,1341,nan,nan,nan,nan,nan,1.03,nan,nan,nan,0
2015,,TKG8,4/2/15,7/26/15,1286,nan,nan,2,nan,nan,0.63,nan,nan,nan,0
2015,,TKG10,nan,7/24/15,1320,nan,nan,nan,nan,nan,1.22,nan,nan,nan,0
2015,,TR1,nan,7/20/15,1244,nan,nan,nan,nan,nan,1,nan,nan,nan,0
2015,,TR2,nan,7/20/15,1326,nan,nan,nan,nan,nan,1.66,nan,nan,nan,0
2015,,SWB2,nan,7/21/15,1105,nan,nan,nan,nan,nan,0.88,nan,nan,nan,0
2015,,DG1,nan,7/19/15,1018,nan,nan,nan,nan,nan,0.47,nan,nan,nan,0
2015,,DG3,nan,7/30/15,1360,nan,nan,nan,nan,nan,1.15,nan,nan,nan,0
2015,,C161,nan,7/23/15,1485,nan,nan,nan,nan,nan,1.64,nan,nan,nan,0
2015,,C163,nan,7/23/15,1592,nan,nan,nan,nan,nan,1.95,nan,nan,nan,0
2015,,NWB1,nan,7/23/15,1506,nan,nan,nan,nan,nan,1.67,nan,nan,nan,0
2015,,MG1,4/2/15,7/29/15,1414,nan,nan,1.83,nan,nan,0.67,nan,nan,nan,0
2015,,MG4,4/3/15,7/31/15,1554,nan,nan,2,nan,nan,1.1,nan,nan,nan,0
2015,,MG2,4/3/15,8/2/15,1758,nan,nan,2.39,nan,nan,1.94,nan,nan,nan,0
2015,,MG3,nan,8/2/15,1787,nan,nan,nan,nan,nan,2.39,nan,nan,nan,0
2016,,TKG5,nan,7/13/16,990,nan,nan,nan,nan,nan,0.87,nan,nan,nan,0
2016,,TKG3,nan,7/14/16,1202,nan,nan,nan,nan,nan,1.47,nan,nan,nan,0
2016,,TKG4,nan,7/21/16,1115,nan,nan,nan,nan,nan,1.05,nan,nan,nan,0
2016,,TKG6,nan,7/17/16,1227,nan,nan,nan,nan,nan,1.4,nan,nan,nan,0
2016,,TKG1,nan,7/26/16,1147,nan,nan,nan,nan,nan,1.49,nan,nan,nan,0
2016,,TKG2,nan,7/26/16,1269,nan,nan,nan,nan,nan,1.68,nan,nan,nan,0
2016,,TKG7,nan,7/22/16,1340,nan,nan,nan,nan,nan,1.69,nan,nan,nan,0
2016,,TKG8,nan,7/19/16,1284,nan,nan,nan,nan,nan,1.2,nan,nan,nan,0
2016,,DG1,nan,7/13/16,1017,nan,nan,nan,nan,nan,0.7,nan,nan,nan,0
2016,,DG2,nan,7/14/16,1183,nan,nan,nan,nan,nan,1.19,nan,nan,nan,0
2016,,DG3,nan,7/28/16,1359,nan,nan,nan,nan,nan,1.45,nan,nan,nan,0
2016,,SWB1,nan,7/16/16,1226,nan,nan,nan,nan,nan,1.97,nan,nan,nan,0
2016,,SWB2,nan,7/15/16,1103,nan,nan,nan,nan,nan,1.48,nan,nan,nan,0
2016,,NWB1,nan,7/23/16,1505,nan,nan,nan,nan,nan,1.93,nan,nan,nan,0
2016,,C161,nan,7/23/16,1483,nan,nan,nan,nan,nan,1.92,nan,nan,nan,0
2016,,MG1,nan,7/29/16,1412,nan,nan,nan,nan,nan,0.87,nan,nan,nan,0
2016,,MG2,nan,7/31/16,1757,nan,nan,nan,nan,nan,2.3,nan,nan,nan,0
2016,,MG3,nan,7/31/16,1786,nan,nan,nan,nan,nan,2.56,nan,nan,nan,0
2016,,MG5,nan,8/5/16,1829,nan,nan,nan,nan,nan,3.11,nan,nan,nan,0
2016,,MG6,nan,8/1/16,1832,nan,nan,nan,nan,nan,2.49,nan,nan,nan,0
2017,,TKG5,nan,7/16/17,988,nan,nan,nan,nan,nan,0.72,nan,nan,nan,0
2017,,TKG3,nan,7/16/17,1201,nan,nan,nan,nan,nan,1.43,nan,nan,nan,0
2017,,TKG4,nan,7/15/17,1113,nan,nan,nan,nan,nan,1.52,nan,nan,nan,0
2017,,TKG6,nan,7/15/17,1226,nan,nan,nan,nan,nan,1.6,nan,nan,nan,0
2017,,TKG8,nan,7/20/17,1283,nan,nan,nan,nan,nan,1.19,nan,nan,nan,0
2017,,TKG10,nan,7/24/17,1318,nan,nan,nan,nan,nan,1.56,nan,nan,nan,0
2017,,TR1,nan,7/18/17,1241,nan,nan,nan,nan,nan,1.61,nan,nan,nan,0
2017,,TR2,nan,7/18/17,1323,nan,nan,nan,nan,nan,2.18,nan,nan,nan,0
2017,,DG1,nan,7/19/17,1015,nan,nan,nan,nan,nan,0.82,nan,nan,nan,0
2017,,DG2,nan,7/19/17,1181,nan,nan,nan,nan,nan,1.03,nan,nan,nan,0
2017,,DG3,nan,7/28/17,1358,nan,nan,nan,nan,nan,1.69,nan,nan,nan,0
2017,,C161,nan,7/23/17,1482,nan,nan,nan,nan,nan,2.2,nan,nan,nan,0
2017,,C163,nan,7/23/17,1589,nan,nan,nan,nan,nan,1.9,nan,nan,nan,0
2017,,NWB3,nan,7/22/17,1413,nan,nan,nan,nan,nan,1.91,nan,nan,nan,0
2017,,MG1,nan,7/27/17,1411,nan,nan,nan,nan,nan,1.13,nan,nan,nan,0
2017,,MG2,nan,7/31/17,1756,nan,nan,nan,nan,nan,2.25,nan,nan,nan,0
2017,,MG4,nan,7/29/17,1551,nan,nan,nan,nan,nan,1.61,nan,nan,nan,0
2017,,MG5,nan,8/2/17,1828,nan,nan,nan,nan,nan,2.74,nan,nan,nan,0
2018,,TR1,nan,7/13/18,1240,nan,nan,nan,nan,nan,0.88,nan,nan,nan,0
2018,,TR2,nan,7/16/18,1322,nan,nan,nan,nan,nan,1.51,nan,nan,nan,0
2018,,TKG5,nan,7/11/18,987,nan,nan,nan,nan,nan,0.56,nan,nan,nan,0
2018,,TKG3,nan,7/13/18,1200,nan,nan,nan,nan,nan,1.07,nan,nan,nan,0
2018,,TKG4,nan,7/10/18,1112,nan,nan,nan,nan,nan,0.93,nan,nan,nan,0
2018,,TKG2,nan,7/18/18,1267,nan,nan,nan,nan,nan,0.93,nan,nan,nan,0
2018,,TKG7,nan,7/18/18,1338,nan,nan,nan,nan,nan,1.1,nan,nan,nan,0
2018,,DG1,nan,7/14/18,1014,nan,nan,nan,nan,nan,0.48,nan,nan,nan,0
2018,,DG3,nan,7/23/18,1357,nan,nan,nan,nan,nan,1.26,nan,nan,nan,0
2018,,SWB2,nan,7/14/18,1099,nan,nan,nan,nan,nan,0.81,nan,nan,nan,0
2018,,NWB1,nan,7/19/18,1503,nan,nan,nan,nan,nan,1.49,nan,nan,nan,0
2018,,C161,nan,7/19/18,1481,nan,nan,nan,nan,nan,1.26,nan,nan,nan,0
2018,,MG1,nan,7/22/18,1410,nan,nan,nan,nan,nan,0.93,nan,nan,nan,0
2018,,MG2,nan,7/26/18,1755,nan,nan,nan,nan,nan,2.12,nan,nan,nan,0
2018,,MG3,nan,7/30/18,1785,nan,nan,nan,nan,nan,1.96,nan,nan,nan,0
2018,,MG5,nan,7/31/18,1828,nan,nan,nan,nan,nan,1.83,nan,nan,nan,0
2018,,MG6,nan,8/2/18,1831,nan,nan,nan,nan,nan,2.81,nan,nan,nan,0
2019,,TKG3,nan,7/6/19,1198,nan,nan,nan,nan,nan,0.75,nan,nan,nan,0
2019,,TKG4,nan,7/6/19,1110,nan,nan,nan,nan,nan,0.69,nan,nan,nan,0
2019,,TKG7,nan,7/10/19,1336,nan,nan,nan,nan,nan,0.89,nan,nan,nan,0
2019,,TR1,nan,7/7/19,1238,nan,nan,nan,nan,nan,0.69,nan,nan,nan,0
2019,,SWB1,nan,7/1/19,1221,nan,nan,nan,nan,nan,1.51,nan,nan,nan,0
2019,,SWB2,nan,7/1/19,1096,nan,nan,nan,nan,nan,0.89,nan,nan,nan,0
2019,,C161,nan,7/9/19,1479,nan,nan,nan,nan,nan,1.47,nan,nan,nan,0
2019,,MG1,nan,7/11/19,1408,nan,nan,nan,nan,nan,0.7,nan,nan,nan,0
2019,,MG2,nan,7/15/19,1754,nan,nan,nan,nan,nan,1.99,nan,nan,nan,0
2019,,MG3,nan,7/17/19,1784,nan,nan,nan,nan,nan,1.91,nan,nan,nan,0
2019,,MG6,nan,7/16/19,1830,nan,nan,nan,nan,nan,2.03,nan,nan,nan,0
2020,,TKG3,nan,9/6/20,1197,nan,nan,nan,nan,nan,0.88,nan,nan,nan,0
2020,,TKG4,nan,9/6/20,1108,nan,nan,nan,nan,nan,0.91,nan,nan,nan,0
2020,,C161,nan,9/6/20,1478,nan,nan,nan,nan,nan,2.37,nan,nan,nan,0
2020,,MG1,nan,9/6/20,1407,nan,nan,nan,nan,nan,0.84,nan,nan,nan,0
2020,,MG2,nan,9/6/20,1753,nan,nan,nan,nan,nan,2.54,nan,nan,nan,0
2021,,TKG5,nan,7/12/21,981,nan,nan,nan,nan,nan,1.96,nan,nan,nan,0
2021,,TKG3,nan,7/9/21,1195,nan,nan,nan,nan,nan,2.11,nan,nan,nan,0
2021,,TKG4,nan,7/7/21,1107,nan,nan,nan,nan,nan,2.01,nan,nan,nan,0
2021,,TKG2,nan,7/15/21,1263,nan,nan,nan,nan,nan,2.09,nan,nan,nan,0
2021,,DG1,nan,7/10/21,1009,nan,nan,nan,nan,nan,1.76,nan,nan,nan,0
2021,,C161,nan,7/15/21,1476,nan,nan,nan,nan,nan,2.78,nan,nan,nan,0
2021,,MG1,nan,7/19/21,1405,nan,nan,nan,nan,nan,1.91,nan,nan,nan,0
2021,,MG2,nan,7/27/21,1752,nan,nan,nan,nan,nan,3.34,nan,nan,nan,0
2021,,MG5,nan,7/26/21,1825,nan,nan,nan,nan,nan,2.76,nan,nan,nan,0
2022,,TKG5,nan,6/30/22,979,nan,nan,nan,nan,nan,2.47,nan,nan,nan,0
2022,,TKG3,nan,7/1/22,1194,nan,nan,nan,nan,nan,2.45,nan,nan,nan,0
2022,,TKG4,nan,7/2/22,1105,nan,nan,nan,nan,nan,2.37,nan,nan,nan,0
2022,,TKG7,nan,7/4/22,1333,nan,nan,nan,nan,nan,2.38,nan,nan,nan,0
2022,,C161,nan,7/5/22,1475,nan,nan,nan,nan,nan,2.92,nan,nan,nan,0
2022,,MG1,nan,7/12/22,1404,nan,nan,nan,nan,nan,1.85,nan,nan,nan,0
2022,,MG2,nan,7/16/22,1751,nan,nan,nan,nan,nan,2.98,nan,nan,nan,0
2023,,TKG5,nan,7/11/23,978,nan,nan,nan,nan,nan,1.1,nan,nan,nan,0
2023,,TKG3,nan,7/12/23,1193,nan,nan,nan,nan,nan,1.51,nan,nan,nan,0
2023,,TKG4,nan,7/6/23,1104,nan,nan,nan,nan,nan,1.48,nan,nan,nan,0
2023,,TKG7,nan,7/9/23,1332,nan,nan,nan,nan,nan,1.55,nan,nan,nan,0
2023,,C161,nan,7/8/23,1474,nan,nan,nan,nan,nan,1.92,nan,nan,nan,0
2023,,MG1,nan,7/14/23,1403,nan,nan,nan,nan,nan,1.25,nan,nan,nan,0
2023,,MG2,nan,7/27/23,1750,nan,nan,nan,nan,nan,1.99,nan,nan,nan,0
2024,,TKG5,nan,7/7/24,976,nan,nan,nan,nan,nan,1.47,nan,nan,nan,0
2024,,TKG3,nan,7/4/24,1191,nan,nan,nan,nan,nan,2.01,nan,nan,nan,0
2024,,TKG4,nan,7/6/24,1102,nan,nan,nan,nan,nan,1.81,nan,nan,nan,0
2024,,TKG7,nan,7/12/24,1330,nan,nan,nan,nan,nan,2,nan,nan,nan,0
2024,,C161,nan,7/11/24,1472,nan,nan,nan,nan,nan,2.36,nan,nan,nan,0
2024,,MG1,nan,7/16/24,1401,nan,nan,nan,nan,nan,1.45,nan,nan,nan,0
2024,,MG2,nan,7/30/24,1749,nan,nan,nan,nan,nan,2.98,nan,nan,nan,0
2025,,TKG5,nan,7/9/25,974,nan,nan,nan,nan,nan,1.84,nan,nan,nan,0
2025,,TKG3,nan,7/13/25,1190,nan,nan,nan,nan,nan,2.67,nan,nan,nan,0
2025,,TKG4,nan,7/8/25,1100,nan,nan,nan,nan,nan,2.57,nan,nan,nan,0
2025,,TKG7,nan,7/15/25,1329,nan,nan,nan,nan,nan,2.41,nan,nan,nan,0
2025,,C161,nan,7/16/25,1471,nan,nan,nan,nan,nan,2.74,nan,nan,nan,0
2025,,MG1,nan,7/20/25,1400,nan,nan,nan,nan,nan,2.41,nan,nan,nan,0
2025,,MG2,nan,8/2/25,1748,nan,nan,nan,nan,nan,2.55,nan,nan,nan,0
,,,,,,,,,,,,,,,
,Wolverine,,,,,,,,,,,,,,
1966,,A,4/23/66,9/3/66,620,nan,nan,0.77,nan,nan,-3.62,nan,nan,nan,0
1966,,B,4/23/66,10/24/66,1073,nan,nan,1.01,nan,nan,-1,nan,nan,nan,0.26
1966,,C,4/23/66,10/24/66,1305,nan,nan,2.06,nan,nan,0.61,nan,nan,nan,0.46
1967,,A,5/26/67,10/4/67,619,nan,nan,0.39,nan,nan,-4.95,-1.3,nan,nan,0
1967,,B,4/4/67,10/1/67,1074,nan,nan,0.88,nan,nan,nan,0,nan,nan,nan
1967,,C,4/2/67,10/1/67,1304,nan,nan,1.95,nan,nan,nan,0,nan,nan,nan
1968,,A,4/4/68,8/20/68,619,nan,nan,0.88,nan,nan,-3.08,-0.14,nan,nan,0
1968,,B,6/5/68,8/21/68,1075,nan,nan,1.62,nan,nan,-0.95,0,nan,nan,0
1968,,C,6/6/68,10/10/68,1303,nan,nan,2.36,nan,nan,0.44,0,nan,nan,0.34
1969,,A,4/13/69,9/16/69,619,nan,nan,0.62,nan,nan,-2.08,nan,nan,nan,0
1969,,B,6/5/69,9/13/69,1077,nan,nan,2.07,nan,nan,-0.68,-0.49,nan,nan,0
1969,,C,6/3/69,11/19/69,1303,nan,nan,2.79,nan,nan,1.19,0,nan,nan,1.21
1970,,A,4/18/70,10/3/70,618,nan,nan,1.54,nan,nan,-2.51,-0.62,nan,nan,0
1970,,B,4/11/70,9/27/70,1078,nan,nan,2.63,nan,nan,0.94,-0.08,nan,nan,0
1970,,C,4/19/70,9/29/70,1302,nan,nan,4.03,nan,nan,3.08,0,nan,nan,0.08
1971,,A,4/27/71,8/14/71,618,nan,nan,0.87,nan,nan,-1.37,-0.12,nan,nan,0
1971,,B,4/27/71,10/14/71,1079,nan,nan,2.13,nan,nan,-0.19,0,nan,nan,0.26
1971,,C,7/11/71,10/21/71,1301,nan,nan,2.86,nan,nan,1.38,0,nan,nan,0.5
1972,,A,4/11/72,8/19/72,618,nan,nan,0.13,nan,nan,-3.2,-1.33,nan,nan,0
1972,,B,6/21/72,8/18/72,1081,nan,nan,0.96,nan,nan,-0.68,0,nan,nan,0
1972,,C,6/21/72,10/3/72,1301,nan,nan,1.45,nan,nan,0,0,nan,nan,0.01
1973,,A,5/31/73,8/25/73,616,nan,nan,0.76,nan,nan,-2.82,-1.1,nan,nan,0
1973,,B,6/1/73,8/24/73,1081,nan,nan,1.42,nan,nan,0,-0.66,nan,nan,0
1973,,C,7/6/73,10/16/73,1302,nan,nan,2.64,nan,nan,1.54,0,nan,nan,0.35
1974,,A,6/9/74,9/22/74,614,nan,nan,0.04,nan,nan,-5.12,-0.77,nan,nan,0
1974,,B,6/8/74,9/22/74,1082,nan,nan,1.38,nan,nan,-1.75,-0.07,nan,nan,0
1974,,C,6/8/74,2/6/75,1303,nan,nan,1.78,nan,nan,0,0,nan,nan,1.38
1975,,A,5/31/75,8/20/75,612,nan,nan,0.59,nan,nan,-1.98,-0.09,nan,nan,0
1975,,B,6/3/75,10/27/75,1083,nan,nan,1.96,nan,nan,-0.75,0,nan,nan,0.15
1975,,C,6/3/75,10/27/75,1305,nan,nan,2.73,nan,nan,1.01,0,nan,nan,0.35
1976,,A,2/25/76,7/12/76,611,nan,nan,0.47,nan,nan,-1.51,-2.29,nan,nan,0
1976,,B,7/12/76,10/15/76,1083,nan,nan,0.5,nan,nan,-1.41,0,nan,nan,0.26
1976,,C,7/13/76,10/20/76,1306,nan,nan,1.15,nan,nan,0.34,0,nan,nan,0.67
1977,,A,6/6/77,10/24/77,609,nan,nan,1.99,nan,nan,-3.19,-3.36,nan,nan,0.19
1977,,B,6/11/77,10/24/77,1084,nan,nan,3.1,nan,nan,0.13,0,nan,nan,0.45
1977,,C,6/7/77,10/24/77,1308,nan,nan,4.19,nan,nan,3.43,0,nan,nan,0.78
1978,,A,6/4/78,9/28/78,607,nan,nan,0.75,nan,nan,-3.78,0,nan,nan,0
1978,,B,6/2/78,9/29/78,1085,nan,nan,1.9,nan,nan,-0.38,0,nan,nan,0
1978,,C,6/2/78,9/29/78,1309,nan,nan,3.18,nan,nan,2.07,0,nan,nan,0.05
1979,,A,3/14/79,8/11/79,606,nan,nan,0.79,nan,nan,-3.58,-0.1,nan,nan,0
1979,,B,3/7/79,8/6/79,1086,nan,nan,1.11,nan,nan,-0.23,-0.05,nan,nan,0
1979,,C,3/11/79,8/4/79,1311,nan,nan,1.93,nan,nan,1.3,0,nan,nan,0
1980,,A,6/4/80,9/9/80,605,nan,nan,1.63,nan,nan,-1.4,-2.31,nan,nan,0
1980,,B,6/6/80,9/5/80,1085,nan,nan,2.86,nan,nan,1.33,-2.15,nan,nan,0
1980,,C,1/11/80,9/5/80,1310,nan,nan,1.95,nan,nan,nan,nan,nan,nan,nan
1981,,A,6/2/81,9/1/81,604,nan,nan,1.13,nan,nan,-2.01,-0.56,nan,nan,0
1981,,B,6/7/81,9/1/81,1084,nan,nan,2.64,nan,nan,0.95,nan,nan,nan,0
1981,,C,6/4/81,9/2/81,1310,nan,nan,7.73,nan,nan,5.79,0,nan,nan,0
1982,,A,1/20/82,9/2/82,604,nan,nan,0.34,nan,nan,-3.95,-0.64,nan,nan,0
1982,,B,6/26/82,9/1/82,1084,nan,nan,0.93,nan,nan,-0.65,-0.02,nan,nan,0
1982,,C,6/26/82,11/6/82,1310,nan,nan,2.89,nan,nan,1.36,nan,nan,nan,0.39
1983,,A,6/11/83,9/2/83,603,nan,nan,0.36,nan,nan,-3.41,-0.75,nan,nan,0
1983,,B,6/13/83,9/2/83,1083,nan,nan,1.57,nan,nan,-0.73,-0.35,nan,nan,0
1983,,C,6/15/83,11/14/83,1309,nan,nan,2.74,nan,nan,1.1,0,nan,nan,0.84
1984,,A,6/7/84,8/17/84,602,nan,nan,0.35,nan,nan,-3.48,-0.78,nan,nan,0
1984,,B,6/8/84,8/20/84,1083,nan,nan,1.39,nan,nan,-0.61,-0.18,nan,nan,0
1984,,C,6/8/84,10/30/84,1309,nan,nan,2.24,nan,nan,1.33,0,nan,nan,0.47
1985,,A,6/8/85,8/27/85,602,nan,nan,0.98,nan,nan,-2.22,-1.84,nan,nan,0
1985,,B,6/14/85,8/27/85,1082,nan,nan,1.59,nan,nan,0.17,-0.59,nan,nan,0
1985,,C,6/5/85,2/19/86,1309,nan,nan,2.85,nan,nan,1.76,0,nan,nan,2.52
1986,,A,6/14/86,8/20/86,601,nan,nan,0.39,nan,nan,-3.07,-0.96,nan,nan,0
1986,,B,6/16/86,8/20/86,1082,nan,nan,1.41,nan,nan,-0.33,-0.28,nan,nan,0
1986,,C,6/15/86,8/20/86,1308,nan,nan,3.18,nan,nan,1.62,0,nan,nan,0
1987,,A,6/14/87,10/1/87,601,nan,nan,0.84,nan,nan,-3.23,-1.38,nan,nan,0
1987,,B,6/13/87,10/1/87,1081,nan,nan,2.39,nan,nan,0.43,-0.16,nan,nan,0.2
1987,,C,6/13/87,10/1/87,1308,nan,nan,4.46,nan,nan,3.14,nan,nan,nan,0.5
1988,,A,3/19/88,9/20/88,600,nan,nan,1.77,nan,nan,-2.38,nan,nan,nan,0
1988,,B,6/10/88,9/17/88,1080,nan,nan,2.76,nan,nan,0.47,0,nan,nan,0
1988,,C,6/10/88,9/18/88,1308,nan,nan,3.39,nan,nan,2.6,0,nan,nan,0.07
1989,,A,2/16/89,10/3/89,599,nan,nan,nan,nan,nan,-6.64,nan,nan,nan,0
1989,,B,6/17/89,10/3/89,1080,nan,nan,0.86,nan,nan,-2.22,nan,nan,nan,0
1989,,C,6/17/89,10/8/89,1307,nan,nan,2.33,nan,nan,0.13,0,nan,nan,0.21
1990,,A,3/17/90,9/10/90,599,nan,nan,0.7,nan,nan,-5.76,-0.13,nan,nan,0
1990,,B,3/17/90,9/11/90,1079,nan,nan,1.24,nan,nan,-3.07,-0.03,nan,nan,0
1990,,C,3/17/90,9/11/90,1307,nan,nan,1.63,nan,nan,-0.73,0,nan,nan,0
1991,,A,5/13/91,9/18/91,598,nan,nan,0.8,nan,nan,-3.19,-0.42,nan,nan,0
1991,,B,5/13/91,9/12/91,1079,nan,nan,1.33,nan,nan,-1.27,-0.05,nan,nan,0
1991,,C,5/13/91,1/25/92,1307,nan,nan,2.9,nan,nan,1.03,-0.12,nan,nan,2.14
1992,,A,5/13/92,9/6/92,597,nan,nan,0.95,nan,nan,-2.86,-0.01,nan,nan,0
1992,,B,5/13/92,9/3/92,1078,nan,nan,1.76,nan,nan,-1.08,-0.07,nan,nan,0
1992,,C,5/13/92,9/7/92,1306,nan,nan,2.79,nan,nan,1.34,0,nan,nan,0.03
1993,,A,5/16/93,9/13/93,597,nan,nan,0.95,nan,nan,-3.75,nan,nan,nan,0
1993,,B,5/15/93,9/10/93,1078,nan,nan,2.05,nan,nan,-1.39,-0.11,nan,nan,0
1993,,C,5/15/93,9/13/93,1306,nan,nan,3.32,nan,nan,0.76,0,nan,nan,0
1994,,A,5/16/94,9/9/94,596,nan,nan,0.8,nan,nan,-5.1,-0.18,nan,nan,0
1994,,B,5/13/94,9/10/94,1077,nan,nan,1.6,nan,nan,-1.19,-0.17,nan,nan,0
1994,,C,5/13/94,9/10/94,1306,nan,nan,2.98,nan,nan,1.35,-0.05,nan,nan,0
1995,,A,5/11/95,9/14/95,596,nan,nan,0.97,nan,nan,-3.78,-0.5,nan,nan,0
1995,,B,5/14/95,9/15/95,1077,nan,nan,2.3,nan,nan,-0.89,-0.17,nan,nan,0
1995,,C,5/14/95,9/14/95,1306,nan,nan,3.18,nan,nan,1.4,0,nan,nan,0
1996,,A,1/12/96,9/20/96,592,nan,nan,0.33,nan,nan,-5.36,-0.89,nan,nan,0
1996,,B,5/29/96,9/21/96,1076,nan,nan,1.09,nan,nan,-1.9,-0.45,nan,nan,0.01
1996,,C,5/30/96,9/20/96,1305,nan,nan,1.76,nan,nan,0.01,-0.31,nan,nan,0
1997,,A,5/19/97,8/29/97,588,nan,nan,0.66,nan,nan,-5.04,-0.08,nan,nan,0
1997,,B,5/20/97,8/27/97,1075,nan,nan,1.52,nan,nan,-1.86,0,nan,nan,0
1997,,C,5/19/97,8/27/97,1305,nan,nan,2.71,nan,nan,-0.04,-0.13,nan,nan,0
1998,,A,5/29/98,9/24/98,585,nan,nan,1.67,nan,nan,-2.08,-1.3,nan,nan,0
1998,,B,5/25/98,9/24/98,1075,nan,nan,2.72,nan,nan,-0.14,-0.78,nan,nan,0
1998,,C,5/26/98,9/24/98,1304,nan,nan,3.65,nan,nan,2.32,-0.29,nan,nan,0
1999,,A,5/17/99,9/24/99,581,nan,nan,0.98,nan,nan,-5.34,-0.1,nan,nan,0
1999,,B,5/13/99,9/24/99,1074,nan,nan,1.76,nan,nan,-1.61,nan,nan,nan,0
1999,,C,5/14/99,9/24/99,1304,nan,nan,2.58,nan,nan,0.79,nan,nan,nan,0.44
2000,,A,5/12/00,9/22/00,577,nan,nan,1.72,nan,nan,-3.5,-0.13,nan,nan,0
2000,,B,5/10/00,9/19/00,1074,nan,nan,2.22,nan,nan,-0.55,-0.05,nan,nan,0
2000,,C,5/11/00,9/22/00,1303,nan,nan,2.8,nan,nan,2.32,0,nan,nan,0.3
2001,,A,5/18/01,10/1/01,574,nan,nan,3.06,nan,nan,-3.09,-0.11,nan,nan,0
2001,,B,5/16/01,9/25/01,1073,nan,nan,3.16,nan,nan,-0.17,nan,nan,nan,0.05
2001,,C,5/17/01,10/1/01,1303,nan,nan,4.06,nan,nan,1.96,0,nan,nan,nan
2002,,A,5/17/02,10/2/02,570,nan,nan,1.04,nan,nan,-4.92,nan,nan,nan,0
2002,,B,5/14/02,10/3/02,1073,nan,nan,2.02,nan,nan,-1.74,0,nan,nan,0
2002,,C,5/16/02,10/2/02,1302,nan,nan,3.23,nan,nan,1.14,nan,nan,nan,0.07
2003,,A,5/28/03,9/11/03,566,nan,nan,0.53,nan,nan,-5.81,-0.53,nan,nan,0
2003,,B,5/30/03,9/11/03,1072,nan,nan,1.57,nan,nan,-1.72,nan,nan,nan,0
2003,,C,5/29/03,9/14/03,1302,nan,nan,2.7,nan,nan,1.97,0,nan,nan,0
2004,,LA,5/11/04,9/14/04,444,nan,nan,0.6,nan,nan,-7.12,nan,nan,nan,0
2004,,A,5/11/04,9/14/04,563,nan,nan,1.04,nan,nan,-6.41,-0.57,nan,nan,0
2004,,B,5/12/04,9/14/04,1072,nan,nan,1.66,nan,nan,-2.91,-0.39,nan,nan,0
2004,,C,5/12/04,9/14/04,1301,nan,nan,2.66,nan,nan,-0.51,nan,nan,nan,0
2005,,LA,5/11/05,9/30/05,439,nan,nan,0.22,nan,nan,nan,-0.23,nan,nan,0
2005,,A,5/11/05,9/24/05,559,nan,nan,0.79,nan,nan,-7.27,-0.33,nan,nan,0
2005,,B,5/14/05,9/21/05,1071,nan,nan,1.82,nan,nan,-2.66,-0.77,nan,nan,0
2005,,C,5/14/05,9/21/05,1301,nan,nan,2.5,nan,nan,0.24,nan,nan,nan,nan
2006,,A,5/11/06,9/24/06,556,nan,nan,1.41,nan,nan,-4.69,-0.05,nan,nan,0
2006,,B,5/13/06,9/23/06,1071,nan,nan,2.41,nan,nan,-1.12,-0.36,nan,nan,0
2006,,C,5/14/06,9/24/06,1301,nan,nan,3.54,nan,nan,0.7,0,nan,nan,0
2007,,A,5/11/07,9/17/07,547,nan,nan,0.73,nan,nan,-5.64,-0.5,nan,nan,0
2007,,B,5/10/07,9/17/07,1070,nan,nan,1.66,nan,nan,-1.69,-0.07,nan,nan,0
2007,,C,5/10/07,9/17/07,1300,nan,nan,2.62,nan,nan,0.91,nan,nan,nan,0
2008,,A,5/17/08,9/28/08,539,nan,nan,2.28,nan,nan,-2.86,-0.4,nan,nan,0
2008,,B,5/18/08,9/28/08,1069,nan,nan,2.58,nan,nan,-0.04,nan,nan,nan,0.09
2008,,C,5/18/08,9/28/08,1300,nan,nan,4.63,nan,nan,2.51,nan,nan,nan,0.11
2009,,A,4/28/09,9/19/09,530,nan,nan,0.84,nan,nan,nan,nan,nan,nan,0
2009,,B,4/27/09,9/21/09,1068,nan,nan,1.22,nan,nan,-3.06,0,nan,nan,0
2009,,C,4/28/09,9/19/09,1299,nan,nan,1.9,nan,nan,-0.41,nan,nan,nan,0
2009,,Y,4/29/09,9/19/09,1374,nan,nan,nan,nan,nan,0.75,nan,nan,nan,0
2010,,AU,5/6/10,9/14/10,634,nan,nan,0.68,nan,nan,-4.14,-0.41,nan,nan,0
2010,,B,5/4/10,9/14/10,1068,nan,nan,2.21,nan,nan,-0.48,nan,nan,nan,0
2010,,C,5/5/10,9/13/10,1299,nan,nan,3.1,nan,nan,1.78,nan,nan,nan,0
2011,,AU,4/28/11,9/21/11,631,nan,nan,0.58,nan,nan,-5.76,-0.86,nan,nan,0
2011,,B,4/28/11,9/22/11,1067,nan,nan,1.16,nan,nan,-2.17,-0.16,nan,nan,0
2011,,C,4/27/11,9/22/11,1299,nan,nan,2.1,nan,nan,0,0,nan,nan,0.85
2011,,Y,4/27/11,9/23/11,1374,nan,nan,2.74,nan,nan,0.96,0,nan,nan,0.96
2012,,AU,4/25/12,9/15/12,628,nan,nan,1.17,nan,nan,-3.81,-0.31,nan,nan,0
2012,,P,4/26/12,9/14/12,993,nan,nan,1.66,nan,nan,-0.87,-0.18,nan,nan,0
2012,,B,4/23/12,9/13/12,1066,nan,nan,1.82,nan,nan,-0.18,-0.04,nan,nan,0
2012,,C,4/24/12,9/30/12,1298,nan,nan,3.1,nan,nan,2.74,0,nan,nan,0.37
2012,,Y,4/24/12,9/29/12,1373,nan,nan,4.29,nan,nan,3.72,0,nan,nan,0.54
2013,,AU,5/8/13,8/28/13,624,nan,nan,0.67,nan,nan,-5.25,-0.68,nan,nan,0
2013,,P,5/10/13,11/6/13,993,nan,nan,0.92,nan,nan,-3.8,-0.03,nan,nan,0
2013,,N,5/8/13,8/28/13,1007,nan,nan,0.93,nan,nan,-3.07,0,nan,nan,0
2013,,B,5/5/13,8/28/13,1066,nan,nan,1.34,nan,nan,-2.41,0,nan,nan,0
2013,,S,5/5/13,8/28/13,1237,nan,nan,2.31,nan,nan,-1.06,0,nan,nan,0
2013,,C,5/6/13,8/27/13,1298,nan,nan,2.76,nan,nan,0.21,0,nan,nan,0
2013,,T,5/9/13,8/27/13,1372,nan,nan,2.53,nan,nan,0.15,0,nan,nan,0
2013,,Y,5/6/13,8/27/13,1373,nan,nan,3.37,nan,nan,1.19,0,nan,nan,0
2014,,AU,4/23/14,9/5/14,621,nan,nan,0.2,nan,nan,-7.52,-1.34,nan,nan,0
2014,,N,4/23/14,9/5/14,1006,nan,nan,0.94,nan,nan,-2.5,-1.23,nan,nan,0
2014,,B,4/24/14,9/5/14,1065,nan,nan,1.05,nan,nan,-2.25,-0.47,nan,nan,0
2014,,S,4/23/14,9/5/14,1237,nan,nan,1.72,nan,nan,-1.07,-0.26,nan,nan,0
2014,,C,4/22/14,9/3/14,1297,nan,nan,2.16,nan,nan,0.19,-0.05,nan,nan,0
2014,,T,4/23/14,9/3/14,1371,nan,nan,2,nan,nan,0.39,-0.2,nan,nan,0
2014,,Y,4/23/14,9/3/14,1372,nan,nan,2.52,nan,nan,1.01,-0.2,nan,nan,0
2015,,AU,4/25/15,9/2/15,618,nan,nan,0.34,nan,nan,-6.77,-0.92,nan,nan,0
2015,,N,4/24/15,9/2/15,1005,nan,nan,1.6,nan,nan,-1.75,-0.76,nan,nan,0
2015,,B,4/24/15,9/1/15,1064,nan,nan,1.66,nan,nan,-1.41,-0.64,nan,nan,0
2015,,S,4/24/15,9/1/15,1236,nan,nan,2.46,nan,nan,-0.58,-0.19,nan,nan,0
2015,,C,4/23/15,9/1/15,1297,nan,nan,2.84,nan,nan,0.84,-0.17,nan,nan,0
2015,,T,4/23/15,9/1/15,1371,nan,nan,3.02,nan,nan,0.88,-0.14,nan,nan,0
2015,,Y,4/23/15,9/1/15,1372,nan,nan,3.06,nan,nan,1.58,-0.18,nan,nan,0
2016,,AU,5/7/16,9/11/16,615,nan,nan,0.84,nan,nan,-6.12,-1.02,nan,nan,0
2016,,N,5/15/16,9/9/16,1005,nan,nan,2.08,nan,nan,-1.87,-0.45,nan,nan,0
2016,,B,5/15/16,9/9/16,1064,nan,nan,2.56,nan,nan,-1.17,-0.21,nan,nan,0
2016,,S,5/15/16,9/13/16,1236,nan,nan,4.05,nan,nan,0.31,-0.15,nan,nan,0
2016,,C,5/12/16,9/8/16,1297,nan,nan,4.61,nan,nan,1.66,-0.07,nan,nan,0
2016,,T,5/9/16,9/1/16,1371,nan,nan,4.83,nan,nan,2.1,0,nan,nan,0
2016,,Y,5/7/16,9/8/16,1372,nan,nan,5.29,nan,nan,2.78,0,nan,nan,0
2017,,AU,4/29/17,9/10/17,610,nan,nan,0.02,nan,nan,-5.86,nan,nan,nan,0
2017,,N,4/27/17,9/8/17,1003,nan,nan,1.11,nan,nan,-3.2,-0.4,nan,nan,0
2017,,B,4/26/17,9/8/17,1063,nan,nan,1.32,nan,nan,-1.69,-0.34,nan,nan,0
2017,,S,4/27/17,9/8/17,1234,nan,nan,2.07,nan,nan,-0.22,nan,nan,nan,0
2017,,C,4/27/17,9/9/17,1295,nan,nan,2,nan,nan,0.5,0,nan,nan,0
2017,,T,4/28/17,9/11/17,1370,nan,nan,2.09,nan,nan,0.54,nan,nan,nan,0
2017,,Y,4/27/17,9/11/17,1371,nan,nan,2.57,nan,nan,1.18,0,nan,nan,0
2018,,AU,5/6/18,9/7/18,605,nan,nan,0.23,nan,nan,-5.93,-0.91,nan,nan,0
2018,,N,5/1/18,9/7/18,1001,nan,nan,1.29,nan,nan,-2.23,-0.38,nan,nan,0
2018,,B,5/1/18,9/7/18,1062,nan,nan,1.46,nan,nan,-1.49,0,nan,nan,0
2018,,S,5/5/18,9/7/18,1233,nan,nan,2.23,nan,nan,-0.94,-0.03,nan,nan,0
2018,,C,5/1/18,9/6/18,1294,nan,nan,1.98,nan,nan,0.3,-0.17,nan,nan,0
2018,,T,5/1/18,9/8/18,1369,nan,nan,2.15,nan,nan,0.22,0,nan,nan,0
2018,,Y,5/2/18,9/6/18,1370,nan,nan,2.39,nan,nan,0.82,0,nan,nan,0
2019,,AU,5/23/19,9/9/19,595,nan,nan,0,nan,nan,-8.81,-1.85,nan,nan,0
2019,,N,5/21/19,9/7/19,999,nan,nan,1.34,nan,nan,-2.99,-0.62,nan,nan,0
2019,,B,5/21/19,9/19/19,1060,nan,nan,1.64,nan,nan,-2.65,-0.65,nan,nan,0
2019,,S,5/21/19,9/7/19,1232,nan,nan,3.47,nan,nan,-0.17,nan,nan,nan,0
2019,,C,5/22/19,9/19/19,1293,nan,nan,3.31,nan,nan,0.22,nan,nan,nan,0
2019,,T,5/22/19,9/19/19,1368,nan,nan,3.35,nan,nan,0.82,nan,nan,nan,0
2019,,Y,5/22/19,9/19/19,1368,nan,nan,4,nan,nan,0.9,nan,nan,nan,0
2020,,AU,5/2/20,9/10/20,585,nan,nan,0.01,nan,nan,-7.29,-0.89,nan,nan,0
2020,,N,5/9/20,9/10/20,997,nan,nan,1.28,nan,nan,-2.73,-0.23,nan,nan,0
2020,,B,5/9/20,9/10/20,1058,nan,nan,1.47,nan,nan,-2.37,-0.28,nan,nan,0
2020,,S,5/12/20,9/10/20,1231,nan,nan,2.01,nan,nan,-1.11,-0.19,nan,nan,0
2020,,C,5/10/20,9/5/20,1292,nan,nan,2.14,nan,nan,0.03,nan,nan,nan,0
2020,,TU,5/10/20,9/5/20,1371,nan,nan,1.94,nan,nan,-0.01,0,nan,nan,0
2020,,Y,5/10/20,9/5/20,1367,nan,nan,2.45,nan,nan,0.45,0,nan,nan,0
2021,,AU,4/22/21,8/27/21,575,nan,nan,0.27,nan,nan,-6.21,-0.89,nan,nan,0
2021,,N,4/21/21,8/27/21,995,nan,nan,1.26,nan,nan,-2.03,-0.23,nan,nan,0
2021,,B,4/21/21,11/9/21,1056,nan,nan,1.31,nan,nan,-2.1,-0.3,nan,nan,0.66
2021,,S,4/21/21,9/7/21,1230,nan,nan,2.48,nan,nan,-0.09,nan,nan,nan,0
2021,,C,4/18/21,9/7/21,1291,nan,nan,2.18,nan,nan,0.67,0,nan,nan,0
2021,,EC,4/18/21,8/29/21,1348,nan,nan,2.85,nan,nan,2.2,0,nan,nan,0
2021,,TU,4/21/21,8/30/21,1370,nan,nan,2.15,nan,nan,0.63,-0.15,nan,nan,0
2021,,Y,4/18/21,8/30/21,1365,nan,nan,2.68,nan,nan,1.65,0,nan,nan,0
2022,,AU,4/29/22,9/19/22,565,nan,nan,0.39,nan,nan,-7.45,-1.6,nan,nan,0
2022,,N,4/28/22,9/17/22,993,nan,nan,1.62,nan,nan,-2.18,-0.45,nan,nan,0
2022,,B,4/28/22,9/17/22,1054,nan,nan,1.81,nan,nan,-1.61,-0.44,nan,nan,0
2022,,S,4/27/22,9/17/22,1229,nan,nan,2.67,nan,nan,-0.91,nan,nan,nan,0
2022,,C,4/27/22,9/16/22,1290,nan,nan,2.73,nan,nan,0.38,nan,nan,nan,0
2022,,EC,4/28/22,9/18/22,1347,nan,nan,2.84,nan,nan,1.23,nan,nan,nan,0
2022,,TU,4/27/22,9/18/22,1370,nan,nan,2.32,nan,nan,0.14,-0.14,nan,nan,0
2022,,Y,4/27/22,9/16/22,1364,nan,nan,3.06,nan,nan,0.99,-0.19,nan,nan,0.02
2023,,AUU,5/7/23,9/7/23,649,nan,nan,0.53,nan,nan,-4.32,-0.57,nan,nan,0
2023,,N,5/6/23,9/7/23,991,nan,nan,1.03,nan,nan,-2.45,-0.38,nan,nan,0
2023,,B,5/6/23,9/7/23,1052,nan,nan,1.17,nan,nan,-2,-0.1,nan,nan,0
2023,,S,5/6/23,9/7/23,1228,nan,nan,1.94,nan,nan,-0.79,nan,nan,nan,0
2023,,C,5/5/23,9/5/23,1289,nan,nan,1.86,nan,nan,0.21,-0.09,nan,nan,0
2023,,EC,5/5/23,9/5/23,1346,nan,nan,2.29,nan,nan,0.97,nan,nan,nan,0
2023,,TU,5/5/23,9/6/23,1369,nan,nan,1.69,nan,nan,-0.06,nan,nan,nan,0
2023,,Y,5/5/23,9/5/23,1362,nan,nan,2.02,nan,nan,0.57,nan,nan,nan,0
2024,,AUU,4/27/24,9/18/24,643,1.75,518,0.91,0,nan,-4.45,-0.8,0,nan,0
2024,,N,4/24/24,9/17/24,989,2.49,nan,1.06,0,nan,-2.35,-0.11,0,nan,0
2024,,B,4/24/24,9/17/24,1050,2.95,425,1.25,0,nan,-1.85,-0.05,0,nan,0
2024,,S,4/24/24,9/17/24,1227,5.29,444,2.35,0.15,nan,0.08,-0.04,0,nan,0
2024,,C,4/25/24,9/16/24,1288,4.73,444,2.1,0.94,610,0.57,nan,0,nan,0
2024,,EC,4/26/24,9/19/24,1345,5.82,447,2.6,2.14,nan,1.22,nan,0.02,600,0.01
2024,,TU,4/25/24,9/16/24,1369,4.39,431,1.89,0.87,530,0.46,nan,0,nan,0
2024,,Y,4/25/24,9/19/24,1361,5.64,434,2.45,2.62,nan,1.49,nan,0.02,nan,0.01
2025,,AUU,5/10/25,nan,636,3,514,1.54,nan,nan,nan,-0.11,nan,nan,nan
2025,,N,5/8/25,12/12/25,987,4.47,nan,2,0,nan,-1.56,0,1.52,nan,0.48
2025,,B,5/7/25,12/12/25,1048,5.14,447,2.3,0,nan,-0.6,0,1.78,nan,0.57
2025,,S,5/7/25,nan,1226,8.68,459,3.99,nan,nan,nan,nan,3.25,nan,1.04
2025,,C,5/8/25,9/17/25,1287,8,454,3.63,2.99,580,1.74,nan,0,nan,0
2025,,EC,5/8/25,9/17/25,1344,9.34,442,4.13,4.67,580,2.73,nan,0,nan,0
2025,,TU,5/8/25,9/17/25,1368,7.17,457,3.28,2.67,580,1.56,nan,0,nan,0
2025,,Y,5/8/25,9/17/25,1359,9.52,455,4.34,4.66,590,2.73,nan,0,nan,0